uniprot_no,gene_name,peptide_sequence,condition,tot_per_cell,tot_per_cell_SD_(n=3)
P0A858,tpiA,ADAFAVIVK,glucose,7880,235.22
P0A858,tpiA,ADAFAVIVK,lb_miller,5194,665.13
P0A858,tpiA,ADAFAVIVK,glycerol_pAA,7608,282.73
P0A858,tpiA,ADAFAVIVK,acetate,10215,597.82
P0A858,tpiA,ADAFAVIVK,fumarate,9273,271.65
P0A858,tpiA,ADAFAVIVK,glucosamine,8571,847.18
P0A858,tpiA,ADAFAVIVK,glycerol,8578,595.81
P0A858,tpiA,ADAFAVIVK,pyruvate,8316,188.86
P0A858,tpiA,ADAFAVIVK,chemostat_u0.5,10533,273.49
P0A858,tpiA,ADAFAVIVK,chemostat_u0.35,9007,343.09
P0A858,tpiA,ADAFAVIVK,chemostat_u0.2,9336,271.06
P0A858,tpiA,ADAFAVIVK,chemostat_u0.12,9295,448.39
P0A858,tpiA,ADAFAVIVK,stationary 1 day,13026,882.05
P0A858,tpiA,ADAFAVIVK,stationary 3 day,15944,1033.53
P0A858,tpiA,ADAFAVIVK,osmotic_stress_glucose,14456,2244.01
P0A858,tpiA,ADAFAVIVK,42C,8255,605.95
P0A858,tpiA,ADAFAVIVK,pH6,15583,521.52
P0A858,tpiA,ADAFAVIVK,xylose,10637,929.54
P0A858,tpiA,ADAFAVIVK,mannose,7139,44.70
P0A858,tpiA,ADAFAVIVK,galactose,10165,485.31
P0A858,tpiA,ADAFAVIVK,succinate,7331,893.79
P0A858,tpiA,ADAFAVIVK,fructose,9552,849.90
P07001,pntA,AIVEAAHEFGR,glucose,2470,180.76
P07001,pntA,AIVEAAHEFGR,lb_miller,743,175.40
P07001,pntA,AIVEAAHEFGR,glycerol_pAA,644,97.22
P07001,pntA,AIVEAAHEFGR,acetate,951,44.86
P07001,pntA,AIVEAAHEFGR,fumarate,1262,71.33
P07001,pntA,AIVEAAHEFGR,glucosamine,2338,161.44
P07001,pntA,AIVEAAHEFGR,glycerol,1867,171.20
P07001,pntA,AIVEAAHEFGR,pyruvate,2070,815.28
P07001,pntA,AIVEAAHEFGR,chemostat_u0.5,3628,407.82
P07001,pntA,AIVEAAHEFGR,chemostat_u0.35,3009,229.04
P07001,pntA,AIVEAAHEFGR,chemostat_u0.2,2621,320.15
P07001,pntA,AIVEAAHEFGR,chemostat_u0.12,2176,120.66
P07001,pntA,AIVEAAHEFGR,stationary 1 day,1749,65.08
P07001,pntA,AIVEAAHEFGR,stationary 3 day,1854,221.73
P07001,pntA,AIVEAAHEFGR,osmotic_stress_glucose,1576,478.21
P07001,pntA,AIVEAAHEFGR,42C,2922,310.81
P07001,pntA,AIVEAAHEFGR,pH6,1750,58.65
P07001,pntA,AIVEAAHEFGR,xylose,2215,91.96
P07001,pntA,AIVEAAHEFGR,mannose,1769,319.94
P07001,pntA,AIVEAAHEFGR,galactose,1306,331.65
P07001,pntA,AIVEAAHEFGR,succinate,1731,95.03
P07001,pntA,AIVEAAHEFGR,fructose,3538,604.70
P0AB71,fbaA,ANEAYLQGQLGNPK,glucose,14800,409.53
P0AB71,fbaA,ANEAYLQGQLGNPK,lb_miller,11262,834.55
P0AB71,fbaA,ANEAYLQGQLGNPK,glycerol_pAA,14567,110.40
P0AB71,fbaA,ANEAYLQGQLGNPK,acetate,10470,464.43
P0AB71,fbaA,ANEAYLQGQLGNPK,fumarate,11529,621.59
P0AB71,fbaA,ANEAYLQGQLGNPK,glucosamine,11540,344.38
P0AB71,fbaA,ANEAYLQGQLGNPK,glycerol,12524,142.11
P0AB71,fbaA,ANEAYLQGQLGNPK,pyruvate,11844,716.83
P0AB71,fbaA,ANEAYLQGQLGNPK,chemostat_u0.5,10729,426.89
P0AB71,fbaA,ANEAYLQGQLGNPK,chemostat_u0.35,8346,217.94
P0AB71,fbaA,ANEAYLQGQLGNPK,chemostat_u0.2,8511,232.47
P0AB71,fbaA,ANEAYLQGQLGNPK,chemostat_u0.12,7994,215.97
P0AB71,fbaA,ANEAYLQGQLGNPK,stationary 1 day,15440,681.71
P0AB71,fbaA,ANEAYLQGQLGNPK,stationary 3 day,16563,606.06
P0AB71,fbaA,ANEAYLQGQLGNPK,osmotic_stress_glucose,17972,1601.51
P0AB71,fbaA,ANEAYLQGQLGNPK,42C,11556,419.42
P0AB71,fbaA,ANEAYLQGQLGNPK,pH6,16950,329.19
P0AB71,fbaA,ANEAYLQGQLGNPK,xylose,13153,425.86
P0AB71,fbaA,ANEAYLQGQLGNPK,mannose,8554,585.34
P0AB71,fbaA,ANEAYLQGQLGNPK,galactose,10816,903.42
P0AB71,fbaA,ANEAYLQGQLGNPK,succinate,10228,358.39
P0AB71,fbaA,ANEAYLQGQLGNPK,fructose,17465,164.66
P33940,mqo,AVAINEAFQISR,glucose,282,22.61
P33940,mqo,AVAINEAFQISR,lb_miller,320,79.05
P33940,mqo,AVAINEAFQISR,glycerol_pAA,127,11.50
P33940,mqo,AVAINEAFQISR,acetate,112,19.78
P33940,mqo,AVAINEAFQISR,fumarate,28,18.87
P33940,mqo,AVAINEAFQISR,glucosamine,39,11.72
P33940,mqo,AVAINEAFQISR,glycerol,25,10.52
P33940,mqo,AVAINEAFQISR,pyruvate,493,39.23
P33940,mqo,AVAINEAFQISR,chemostat_u0.5,21,5.85
P33940,mqo,AVAINEAFQISR,chemostat_u0.35,23,2.12
P33940,mqo,AVAINEAFQISR,chemostat_u0.2,37,12.58
P33940,mqo,AVAINEAFQISR,chemostat_u0.12,26,6.83
P33940,mqo,AVAINEAFQISR,stationary 1 day,68,38.14
P33940,mqo,AVAINEAFQISR,stationary 3 day,83,26.10
P33940,mqo,AVAINEAFQISR,osmotic_stress_glucose,359,74.45
P33940,mqo,AVAINEAFQISR,42C,54,8.36
P33940,mqo,AVAINEAFQISR,pH6,86,19.20
P33940,mqo,AVAINEAFQISR,xylose,599,73.87
P33940,mqo,AVAINEAFQISR,mannose,29,4.92
P33940,mqo,AVAINEAFQISR,galactose,70,29.70
P33940,mqo,AVAINEAFQISR,succinate,61,16.49
P33940,mqo,AVAINEAFQISR,fructose,243,34.18
P0A991,fbaB,DADNLLQHR,glucose,1700,122.28
P0A991,fbaB,DADNLLQHR,lb_miller,606,282.37
P0A991,fbaB,DADNLLQHR,glycerol_pAA,778,59.30
P0A991,fbaB,DADNLLQHR,acetate,4156,583.15
P0A991,fbaB,DADNLLQHR,fumarate,3782,321.22
P0A991,fbaB,DADNLLQHR,glucosamine,2920,67.48
P0A991,fbaB,DADNLLQHR,glycerol,2882,75.07
P0A991,fbaB,DADNLLQHR,pyruvate,2976,542.18
P0A991,fbaB,DADNLLQHR,chemostat_u0.5,3023,223.34
P0A991,fbaB,DADNLLQHR,chemostat_u0.35,3512,83.08
P0A991,fbaB,DADNLLQHR,chemostat_u0.2,4619,91.07
P0A991,fbaB,DADNLLQHR,chemostat_u0.12,5515,91.87
P0A991,fbaB,DADNLLQHR,stationary 1 day,5469,471.16
P0A991,fbaB,DADNLLQHR,stationary 3 day,6390,179.73
P0A991,fbaB,DADNLLQHR,osmotic_stress_glucose,3387,489.47
P0A991,fbaB,DADNLLQHR,42C,3217,275.92
P0A991,fbaB,DADNLLQHR,pH6,5036,560.77
P0A991,fbaB,DADNLLQHR,xylose,2240,211.25
P0A991,fbaB,DADNLLQHR,mannose,3653,210.71
P0A991,fbaB,DADNLLQHR,galactose,4610,584.04
P0A991,fbaB,DADNLLQHR,succinate,3286,993.15
P0A991,fbaB,DADNLLQHR,fructose,1887,134.36
P21829,ybhA,EAGYQLIIVTGR,glucose,483,4.18
P21829,ybhA,EAGYQLIIVTGR,lb_miller,529,110.70
P21829,ybhA,EAGYQLIIVTGR,glycerol_pAA,648,81.32
P21829,ybhA,EAGYQLIIVTGR,acetate,248,2.34
P21829,ybhA,EAGYQLIIVTGR,fumarate,327,15.07
P21829,ybhA,EAGYQLIIVTGR,glucosamine,272,24.50
P21829,ybhA,EAGYQLIIVTGR,glycerol,377,8.23
P21829,ybhA,EAGYQLIIVTGR,pyruvate,345,57.04
P21829,ybhA,EAGYQLIIVTGR,chemostat_u0.5,271,16.69
P21829,ybhA,EAGYQLIIVTGR,chemostat_u0.35,136,9.45
P21829,ybhA,EAGYQLIIVTGR,chemostat_u0.2,66,8.27
P21829,ybhA,EAGYQLIIVTGR,chemostat_u0.12,30,1.21
P21829,ybhA,EAGYQLIIVTGR,stationary 1 day,14,16.49
P21829,ybhA,EAGYQLIIVTGR,stationary 3 day,2,1.03
P21829,ybhA,EAGYQLIIVTGR,osmotic_stress_glucose,381,32.84
P21829,ybhA,EAGYQLIIVTGR,42C,338,73.82
P21829,ybhA,EAGYQLIIVTGR,pH6,295,54.28
P21829,ybhA,EAGYQLIIVTGR,xylose,427,11.49
P21829,ybhA,EAGYQLIIVTGR,mannose,325,37.39
P21829,ybhA,EAGYQLIIVTGR,galactose,140,33.26
P21829,ybhA,EAGYQLIIVTGR,succinate,463,29.78
P21829,ybhA,EAGYQLIIVTGR,fructose,437,23.72
P00350,gnd,EAYELVAPILTK,glucose,9730,98.11
P00350,gnd,EAYELVAPILTK,lb_miller,7814,218.29
P00350,gnd,EAYELVAPILTK,glycerol_pAA,8213,144.11
P00350,gnd,EAYELVAPILTK,acetate,4743,125.11
P00350,gnd,EAYELVAPILTK,fumarate,5252,283.83
P00350,gnd,EAYELVAPILTK,glucosamine,6379,127.82
P00350,gnd,EAYELVAPILTK,glycerol,6243,57.16
P00350,gnd,EAYELVAPILTK,pyruvate,5560,160.66
P00350,gnd,EAYELVAPILTK,chemostat_u0.5,6049,196.38
P00350,gnd,EAYELVAPILTK,chemostat_u0.35,4329,56.11
P00350,gnd,EAYELVAPILTK,chemostat_u0.2,3757,35.66
P00350,gnd,EAYELVAPILTK,chemostat_u0.12,3122,26.53
P00350,gnd,EAYELVAPILTK,stationary 1 day,6742,333.01
P00350,gnd,EAYELVAPILTK,stationary 3 day,8459,1331.21
P00350,gnd,EAYELVAPILTK,osmotic_stress_glucose,7183,1008.84
P00350,gnd,EAYELVAPILTK,42C,10775,829.07
P00350,gnd,EAYELVAPILTK,pH6,9867,773.70
P00350,gnd,EAYELVAPILTK,xylose,8827,482.87
P00350,gnd,EAYELVAPILTK,mannose,5440,264.60
P00350,gnd,EAYELVAPILTK,galactose,4296,84.32
P00350,gnd,EAYELVAPILTK,succinate,6131,357.64
P00350,gnd,EAYELVAPILTK,fructose,6872,358.28
P06999,pfkB,ELSALVNR,glucose,820,22.64
P06999,pfkB,ELSALVNR,lb_miller,347,132.65
P06999,pfkB,ELSALVNR,glycerol_pAA,520,49.38
P06999,pfkB,ELSALVNR,acetate,878,60.46
P06999,pfkB,ELSALVNR,fumarate,822,82.54
P06999,pfkB,ELSALVNR,glucosamine,772,44.15
P06999,pfkB,ELSALVNR,glycerol,801,39.62
P06999,pfkB,ELSALVNR,pyruvate,784,87.23
P06999,pfkB,ELSALVNR,chemostat_u0.5,739,38.37
P06999,pfkB,ELSALVNR,chemostat_u0.35,683,36.31
P06999,pfkB,ELSALVNR,chemostat_u0.2,699,33.31
P06999,pfkB,ELSALVNR,chemostat_u0.12,620,11.80
P06999,pfkB,ELSALVNR,stationary 1 day,1797,316.09
P06999,pfkB,ELSALVNR,stationary 3 day,2388,244.00
P06999,pfkB,ELSALVNR,osmotic_stress_glucose,3010,519.28
P06999,pfkB,ELSALVNR,42C,1795,358.78
P06999,pfkB,ELSALVNR,pH6,2606,224.72
P06999,pfkB,ELSALVNR,xylose,1584,139.75
P06999,pfkB,ELSALVNR,mannose,1459,45.99
P06999,pfkB,ELSALVNR,galactose,1258,42.83
P06999,pfkB,ELSALVNR,succinate,1119,130.57
P06999,pfkB,ELSALVNR,fructose,971,150.49
P0A6P9,eno,FNQIGSLTETLAAIK,glucose,34986,2063.72
P0A6P9,eno,FNQIGSLTETLAAIK,lb_miller,25238,2560.17
P0A6P9,eno,FNQIGSLTETLAAIK,glycerol_pAA,29451,1588.70
P0A6P9,eno,FNQIGSLTETLAAIK,acetate,23273,44.44
P0A6P9,eno,FNQIGSLTETLAAIK,fumarate,23383,673.63
P0A6P9,eno,FNQIGSLTETLAAIK,glucosamine,32730,4256.03
P0A6P9,eno,FNQIGSLTETLAAIK,glycerol,27876,1481.44
P0A6P9,eno,FNQIGSLTETLAAIK,pyruvate,21790,1936.85
P0A6P9,eno,FNQIGSLTETLAAIK,chemostat_u0.5,24793,1518.16
P0A6P9,eno,FNQIGSLTETLAAIK,chemostat_u0.35,18356,820.32
P0A6P9,eno,FNQIGSLTETLAAIK,chemostat_u0.2,18994,817.08
P0A6P9,eno,FNQIGSLTETLAAIK,chemostat_u0.12,21640,587.60
P0A6P9,eno,FNQIGSLTETLAAIK,stationary 1 day,52410,1867.41
P0A6P9,eno,FNQIGSLTETLAAIK,stationary 3 day,53015,1340.06
P0A6P9,eno,FNQIGSLTETLAAIK,osmotic_stress_glucose,42802,3091.74
P0A6P9,eno,FNQIGSLTETLAAIK,42C,35250,3399.19
P0A6P9,eno,FNQIGSLTETLAAIK,pH6,45602,1035.54
P0A6P9,eno,FNQIGSLTETLAAIK,xylose,46990,4070.60
P0A6P9,eno,FNQIGSLTETLAAIK,mannose,27968,1325.28
P0A6P9,eno,FNQIGSLTETLAAIK,galactose,32663,2452.03
P0A6P9,eno,FNQIGSLTETLAAIK,succinate,25190,888.14
P0A6P9,eno,FNQIGSLTETLAAIK,fructose,49124,2627.53
P06959,aceF,FNSSLSEDGQR,glucose,4356,123.28
P06959,aceF,FNSSLSEDGQR,lb_miller,6998,937.65
P06959,aceF,FNSSLSEDGQR,glycerol_pAA,3614,286.29
P06959,aceF,FNSSLSEDGQR,acetate,2143,91.52
P06959,aceF,FNSSLSEDGQR,fumarate,3475,112.49
P06959,aceF,FNSSLSEDGQR,glucosamine,3000,98.42
P06959,aceF,FNSSLSEDGQR,glycerol,2950,98.12
P06959,aceF,FNSSLSEDGQR,pyruvate,12136,1470.37
P06959,aceF,FNSSLSEDGQR,chemostat_u0.5,3628,74.89
P06959,aceF,FNSSLSEDGQR,chemostat_u0.35,3653,269.31
P06959,aceF,FNSSLSEDGQR,chemostat_u0.2,3441,191.72
P06959,aceF,FNSSLSEDGQR,chemostat_u0.12,4134,198.24
P06959,aceF,FNSSLSEDGQR,stationary 1 day,6875,553.64
P06959,aceF,FNSSLSEDGQR,stationary 3 day,7659,569.04
P06959,aceF,FNSSLSEDGQR,osmotic_stress_glucose,5311,216.43
P06959,aceF,FNSSLSEDGQR,42C,4379,529.77
P06959,aceF,FNSSLSEDGQR,pH6,6173,477.58
P06959,aceF,FNSSLSEDGQR,xylose,6709,494.04
P06959,aceF,FNSSLSEDGQR,mannose,3546,183.63
P06959,aceF,FNSSLSEDGQR,galactose,3048,604.49
P06959,aceF,FNSSLSEDGQR,succinate,3669,230.67
P06959,aceF,FNSSLSEDGQR,fructose,5217,439.42
P00864,ppc,GEAASNPEVIAR,glucose,3780,248.06
P00864,ppc,GEAASNPEVIAR,lb_miller,870,57.38
P00864,ppc,GEAASNPEVIAR,glycerol_pAA,1146,175.04
P00864,ppc,GEAASNPEVIAR,acetate,1754,358.37
P00864,ppc,GEAASNPEVIAR,fumarate,1705,68.61
P00864,ppc,GEAASNPEVIAR,glucosamine,3746,165.20
P00864,ppc,GEAASNPEVIAR,glycerol,2470,283.97
P00864,ppc,GEAASNPEVIAR,pyruvate,1839,560.41
P00864,ppc,GEAASNPEVIAR,chemostat_u0.5,4762,613.23
P00864,ppc,GEAASNPEVIAR,chemostat_u0.35,3601,68.71
P00864,ppc,GEAASNPEVIAR,chemostat_u0.2,3081,255.21
P00864,ppc,GEAASNPEVIAR,chemostat_u0.12,2667,81.10
P00864,ppc,GEAASNPEVIAR,stationary 1 day,2447,346.69
P00864,ppc,GEAASNPEVIAR,stationary 3 day,3046,276.36
P00864,ppc,GEAASNPEVIAR,osmotic_stress_glucose,3224,671.94
P00864,ppc,GEAASNPEVIAR,42C,3646,845.63
P00864,ppc,GEAASNPEVIAR,pH6,5755,378.16
P00864,ppc,GEAASNPEVIAR,xylose,3808,267.59
P00864,ppc,GEAASNPEVIAR,mannose,2980,387.24
P00864,ppc,GEAASNPEVIAR,galactose,2244,454.70
P00864,ppc,GEAASNPEVIAR,succinate,1704,243.12
P00864,ppc,GEAASNPEVIAR,fructose,5148,998.72
P0A9P0,lpd,GISYETATFPWAASGR,glucose,9770,474.38
P0A9P0,lpd,GISYETATFPWAASGR,lb_miller,15208,208.50
P0A9P0,lpd,GISYETATFPWAASGR,glycerol_pAA,12498,762.07
P0A9P0,lpd,GISYETATFPWAASGR,acetate,8787,254.28
P0A9P0,lpd,GISYETATFPWAASGR,fumarate,10556,425.88
P0A9P0,lpd,GISYETATFPWAASGR,glucosamine,10986,631.14
P0A9P0,lpd,GISYETATFPWAASGR,glycerol,8685,80.67
P0A9P0,lpd,GISYETATFPWAASGR,pyruvate,21671,1950.96
P0A9P0,lpd,GISYETATFPWAASGR,chemostat_u0.5,11288,647.55
P0A9P0,lpd,GISYETATFPWAASGR,chemostat_u0.35,10208,190.80
P0A9P0,lpd,GISYETATFPWAASGR,chemostat_u0.2,9636,386.18
P0A9P0,lpd,GISYETATFPWAASGR,chemostat_u0.12,8823,238.63
P0A9P0,lpd,GISYETATFPWAASGR,stationary 1 day,10417,1402.91
P0A9P0,lpd,GISYETATFPWAASGR,stationary 3 day,11411,211.14
P0A9P0,lpd,GISYETATFPWAASGR,osmotic_stress_glucose,9160,1491.03
P0A9P0,lpd,GISYETATFPWAASGR,42C,8731,1164.30
P0A9P0,lpd,GISYETATFPWAASGR,pH6,9180,803.11
P0A9P0,lpd,GISYETATFPWAASGR,xylose,11975,1593.42
P0A9P0,lpd,GISYETATFPWAASGR,mannose,10774,413.14
P0A9P0,lpd,GISYETATFPWAASGR,galactose,9067,567.82
P0A9P0,lpd,GISYETATFPWAASGR,succinate,12297,570.13
P0A9P0,lpd,GISYETATFPWAASGR,fructose,10551,93.21
P0AC53,zwf,GQYTAGFAQGK,glucose,1550,94.86
P0AC53,zwf,GQYTAGFAQGK,lb_miller,1234,81.61
P0AC53,zwf,GQYTAGFAQGK,glycerol_pAA,1073,69.86
P0AC53,zwf,GQYTAGFAQGK,acetate,981,53.20
P0AC53,zwf,GQYTAGFAQGK,fumarate,1195,156.16
P0AC53,zwf,GQYTAGFAQGK,glucosamine,1537,115.25
P0AC53,zwf,GQYTAGFAQGK,glycerol,1598,67.10
P0AC53,zwf,GQYTAGFAQGK,pyruvate,1443,220.09
P0AC53,zwf,GQYTAGFAQGK,chemostat_u0.5,1337,46.05
P0AC53,zwf,GQYTAGFAQGK,chemostat_u0.35,1235,25.15
P0AC53,zwf,GQYTAGFAQGK,chemostat_u0.2,1509,52.88
P0AC53,zwf,GQYTAGFAQGK,chemostat_u0.12,1772,107.19
P0AC53,zwf,GQYTAGFAQGK,stationary 1 day,2372,95.03
P0AC53,zwf,GQYTAGFAQGK,stationary 3 day,2283,244.13
P0AC53,zwf,GQYTAGFAQGK,osmotic_stress_glucose,1665,178.87
P0AC53,zwf,GQYTAGFAQGK,42C,2219,231.45
P0AC53,zwf,GQYTAGFAQGK,pH6,1922,79.49
P0AC53,zwf,GQYTAGFAQGK,xylose,2280,134.47
P0AC53,zwf,GQYTAGFAQGK,mannose,1340,16.79
P0AC53,zwf,GQYTAGFAQGK,galactose,1952,65.57
P0AC53,zwf,GQYTAGFAQGK,succinate,1211,96.47
P0AC53,zwf,GQYTAGFAQGK,fructose,1842,81.20
P37330,glcB,HYTAADGSEISLHGR,glucose,1020,40.56
P37330,glcB,HYTAADGSEISLHGR,lb_miller,1488,1779.76
P37330,glcB,HYTAADGSEISLHGR,glycerol_pAA,1760,52.64
P37330,glcB,HYTAADGSEISLHGR,acetate,10728,1072.80
P37330,glcB,HYTAADGSEISLHGR,fumarate,4034,78.89
P37330,glcB,HYTAADGSEISLHGR,glucosamine,4249,308.46
P37330,glcB,HYTAADGSEISLHGR,glycerol,3008,87.75
P37330,glcB,HYTAADGSEISLHGR,pyruvate,1201,127.00
P37330,glcB,HYTAADGSEISLHGR,chemostat_u0.5,3221,411.04
P37330,glcB,HYTAADGSEISLHGR,chemostat_u0.35,6769,323.65
P37330,glcB,HYTAADGSEISLHGR,chemostat_u0.2,8751,158.96
P37330,glcB,HYTAADGSEISLHGR,chemostat_u0.12,7560,552.79
P37330,glcB,HYTAADGSEISLHGR,stationary 1 day,3412,518.45
P37330,glcB,HYTAADGSEISLHGR,stationary 3 day,3476,572.41
P37330,glcB,HYTAADGSEISLHGR,osmotic_stress_glucose,1046,51.75
P37330,glcB,HYTAADGSEISLHGR,42C,1311,251.26
P37330,glcB,HYTAADGSEISLHGR,pH6,1128,358.33
P37330,glcB,HYTAADGSEISLHGR,xylose,1613,216.88
P37330,glcB,HYTAADGSEISLHGR,mannose,4568,88.11
P37330,glcB,HYTAADGSEISLHGR,galactose,6009,392.39
P37330,glcB,HYTAADGSEISLHGR,succinate,3601,120.60
P37330,glcB,HYTAADGSEISLHGR,fructose,1546,188.79
P0A9C9,glpX,IGEQELAR,glucose,370,48.53
P0A9C9,glpX,IGEQELAR,lb_miller,438,64.77
P0A9C9,glpX,IGEQELAR,glycerol_pAA,584,111.98
P0A9C9,glpX,IGEQELAR,acetate,166,14.95
P0A9C9,glpX,IGEQELAR,fumarate,264,28.67
P0A9C9,glpX,IGEQELAR,glucosamine,297,57.30
P0A9C9,glpX,IGEQELAR,glycerol,571,74.68
P0A9C9,glpX,IGEQELAR,pyruvate,228,17.61
P0A9C9,glpX,IGEQELAR,chemostat_u0.5,188,19.45
P0A9C9,glpX,IGEQELAR,chemostat_u0.35,167,6.18
P0A9C9,glpX,IGEQELAR,chemostat_u0.2,162,22.21
P0A9C9,glpX,IGEQELAR,chemostat_u0.12,170,11.18
P0A9C9,glpX,IGEQELAR,stationary 1 day,169,48.67
P0A9C9,glpX,IGEQELAR,stationary 3 day,268,106.77
P0A9C9,glpX,IGEQELAR,osmotic_stress_glucose,291,64.03
P0A9C9,glpX,IGEQELAR,42C,286,41.64
P0A9C9,glpX,IGEQELAR,pH6,247,3.01
P0A9C9,glpX,IGEQELAR,xylose,264,47.94
P0A9C9,glpX,IGEQELAR,mannose,251,30.49
P0A9C9,glpX,IGEQELAR,galactose,273,58.76
P0A9C9,glpX,IGEQELAR,succinate,283,18.12
P0A9C9,glpX,IGEQELAR,fructose,297,26.33
P0ABH7,gltA,ITFIDGDEGILLHR,glucose,13172,177.50
P0ABH7,gltA,ITFIDGDEGILLHR,lb_miller,14514,4809.82
P0ABH7,gltA,ITFIDGDEGILLHR,glycerol_pAA,23087,2150.19
P0ABH7,gltA,ITFIDGDEGILLHR,acetate,57882,1763.78
P0ABH7,gltA,ITFIDGDEGILLHR,fumarate,27953,1429.69
P0ABH7,gltA,ITFIDGDEGILLHR,glucosamine,33122,990.75
P0ABH7,gltA,ITFIDGDEGILLHR,glycerol,26033,1375.22
P0ABH7,gltA,ITFIDGDEGILLHR,pyruvate,58235,6686.72
P0ABH7,gltA,ITFIDGDEGILLHR,chemostat_u0.5,46035,5745.87
P0ABH7,gltA,ITFIDGDEGILLHR,chemostat_u0.35,43787,2494.87
P0ABH7,gltA,ITFIDGDEGILLHR,chemostat_u0.2,50258,1987.71
P0ABH7,gltA,ITFIDGDEGILLHR,chemostat_u0.12,52326,2738.07
P0ABH7,gltA,ITFIDGDEGILLHR,stationary 1 day,17888,1012.42
P0ABH7,gltA,ITFIDGDEGILLHR,stationary 3 day,17667,821.71
P0ABH7,gltA,ITFIDGDEGILLHR,osmotic_stress_glucose,15836,2558.93
P0ABH7,gltA,ITFIDGDEGILLHR,42C,20048,2987.47
P0ABH7,gltA,ITFIDGDEGILLHR,pH6,13616,941.69
P0ABH7,gltA,ITFIDGDEGILLHR,xylose,23234,1673.81
P0ABH7,gltA,ITFIDGDEGILLHR,mannose,41607,3052.21
P0ABH7,gltA,ITFIDGDEGILLHR,galactose,32024,2343.39
P0ABH7,gltA,ITFIDGDEGILLHR,succinate,29262,2455.39
P0ABH7,gltA,ITFIDGDEGILLHR,fructose,26379,1739.23
P61889,mdh,LFGVTTLDIIR,glucose,32623,430.83
P61889,mdh,LFGVTTLDIIR,lb_miller,29256,8110.82
P61889,mdh,LFGVTTLDIIR,glycerol_pAA,50270,2175.48
P61889,mdh,LFGVTTLDIIR,acetate,91880,8310.58
P61889,mdh,LFGVTTLDIIR,fumarate,48042,3097.59
P61889,mdh,LFGVTTLDIIR,glucosamine,45037,1307.50
P61889,mdh,LFGVTTLDIIR,glycerol,43987,1337.38
P61889,mdh,LFGVTTLDIIR,pyruvate,91206,6409.69
P61889,mdh,LFGVTTLDIIR,chemostat_u0.5,46831,1735.88
P61889,mdh,LFGVTTLDIIR,chemostat_u0.35,44725,953.98
P61889,mdh,LFGVTTLDIIR,chemostat_u0.2,41875,1995.37
P61889,mdh,LFGVTTLDIIR,chemostat_u0.12,39797,714.61
P61889,mdh,LFGVTTLDIIR,stationary 1 day,17858,1164.35
P61889,mdh,LFGVTTLDIIR,stationary 3 day,21404,1338.40
P61889,mdh,LFGVTTLDIIR,osmotic_stress_glucose,39652,4035.76
P61889,mdh,LFGVTTLDIIR,42C,36796,5458.99
P61889,mdh,LFGVTTLDIIR,pH6,21546,1452.74
P61889,mdh,LFGVTTLDIIR,xylose,44407,1812.54
P61889,mdh,LFGVTTLDIIR,mannose,60304,1390.68
P61889,mdh,LFGVTTLDIIR,galactose,39693,2030.36
P61889,mdh,LFGVTTLDIIR,succinate,48649,4300.34
P61889,mdh,LFGVTTLDIIR,fructose,44894,4519.83
P21599,pykA,LGGGLSAEALTEK,glucose,1913,65.72
P21599,pykA,LGGGLSAEALTEK,lb_miller,2190,31.49
P21599,pykA,LGGGLSAEALTEK,glycerol_pAA,2120,90.83
P21599,pykA,LGGGLSAEALTEK,acetate,1786,84.35
P21599,pykA,LGGGLSAEALTEK,fumarate,2036,97.13
P21599,pykA,LGGGLSAEALTEK,glucosamine,2755,266.32
P21599,pykA,LGGGLSAEALTEK,glycerol,2493,67.79
P21599,pykA,LGGGLSAEALTEK,pyruvate,2524,56.78
P21599,pykA,LGGGLSAEALTEK,chemostat_u0.5,2120,65.62
P21599,pykA,LGGGLSAEALTEK,chemostat_u0.35,2325,81.04
P21599,pykA,LGGGLSAEALTEK,chemostat_u0.2,2472,53.23
P21599,pykA,LGGGLSAEALTEK,chemostat_u0.12,2453,42.04
P21599,pykA,LGGGLSAEALTEK,stationary 1 day,1803,72.39
P21599,pykA,LGGGLSAEALTEK,stationary 3 day,1923,132.95
P21599,pykA,LGGGLSAEALTEK,osmotic_stress_glucose,1352,290.00
P21599,pykA,LGGGLSAEALTEK,42C,2220,358.02
P21599,pykA,LGGGLSAEALTEK,pH6,1715,145.82
P21599,pykA,LGGGLSAEALTEK,xylose,1919,136.40
P21599,pykA,LGGGLSAEALTEK,mannose,2291,45.12
P21599,pykA,LGGGLSAEALTEK,galactose,2574,323.05
P21599,pykA,LGGGLSAEALTEK,succinate,2028,25.31
P21599,pykA,LGGGLSAEALTEK,fructose,2114,45.62
P27550,acs,LGTAEIESALVAHPK,glucose,567,48.49
P27550,acs,LGTAEIESALVAHPK,lb_miller,871,482.83
P27550,acs,LGTAEIESALVAHPK,glycerol_pAA,1715,46.97
P27550,acs,LGTAEIESALVAHPK,acetate,4693,319.60
P27550,acs,LGTAEIESALVAHPK,fumarate,7680,325.35
P27550,acs,LGTAEIESALVAHPK,glucosamine,4899,250.70
P27550,acs,LGTAEIESALVAHPK,glycerol,2455,23.66
P27550,acs,LGTAEIESALVAHPK,pyruvate,3598,107.80
P27550,acs,LGTAEIESALVAHPK,chemostat_u0.5,4449,435.53
P27550,acs,LGTAEIESALVAHPK,chemostat_u0.35,10003,133.74
P27550,acs,LGTAEIESALVAHPK,chemostat_u0.2,11441,432.27
P27550,acs,LGTAEIESALVAHPK,chemostat_u0.12,12825,390.25
P27550,acs,LGTAEIESALVAHPK,stationary 1 day,3693,119.14
P27550,acs,LGTAEIESALVAHPK,stationary 3 day,4235,381.64
P27550,acs,LGTAEIESALVAHPK,osmotic_stress_glucose,661,160.97
P27550,acs,LGTAEIESALVAHPK,42C,626,76.34
P27550,acs,LGTAEIESALVAHPK,pH6,609,45.61
P27550,acs,LGTAEIESALVAHPK,xylose,1160,131.35
P27550,acs,LGTAEIESALVAHPK,mannose,6229,237.55
P27550,acs,LGTAEIESALVAHPK,galactose,7298,410.91
P27550,acs,LGTAEIESALVAHPK,succinate,5792,1173.43
P27550,acs,LGTAEIESALVAHPK,fructose,1369,85.46
P0A6T1,pgi,LLSNFFAQTEALAFGK,glucose,7082,131.69
P0A6T1,pgi,LLSNFFAQTEALAFGK,lb_miller,5824,224.89
P0A6T1,pgi,LLSNFFAQTEALAFGK,glycerol_pAA,8335,431.48
P0A6T1,pgi,LLSNFFAQTEALAFGK,acetate,5613,321.93
P0A6T1,pgi,LLSNFFAQTEALAFGK,fumarate,5564,18.92
P0A6T1,pgi,LLSNFFAQTEALAFGK,glucosamine,7182,279.77
P0A6T1,pgi,LLSNFFAQTEALAFGK,glycerol,7513,215.50
P0A6T1,pgi,LLSNFFAQTEALAFGK,pyruvate,4555,409.09
P0A6T1,pgi,LLSNFFAQTEALAFGK,chemostat_u0.5,6199,131.33
P0A6T1,pgi,LLSNFFAQTEALAFGK,chemostat_u0.35,5656,343.98
P0A6T1,pgi,LLSNFFAQTEALAFGK,chemostat_u0.2,5731,307.46
P0A6T1,pgi,LLSNFFAQTEALAFGK,chemostat_u0.12,5762,136.06
P0A6T1,pgi,LLSNFFAQTEALAFGK,stationary 1 day,7329,67.88
P0A6T1,pgi,LLSNFFAQTEALAFGK,stationary 3 day,7352,869.74
P0A6T1,pgi,LLSNFFAQTEALAFGK,osmotic_stress_glucose,5924,720.29
P0A6T1,pgi,LLSNFFAQTEALAFGK,42C,8618,1035.53
P0A6T1,pgi,LLSNFFAQTEALAFGK,pH6,9307,334.10
P0A6T1,pgi,LLSNFFAQTEALAFGK,xylose,8810,755.80
P0A6T1,pgi,LLSNFFAQTEALAFGK,mannose,6493,118.47
P0A6T1,pgi,LLSNFFAQTEALAFGK,galactose,6908,69.84
P0A6T1,pgi,LLSNFFAQTEALAFGK,succinate,5369,46.04
P0A6T1,pgi,LLSNFFAQTEALAFGK,fructose,6882,429.98
P0AD61,pykF,LNFSHGDYAEHGQR,glucose,21723,1071.71
P0AD61,pykF,LNFSHGDYAEHGQR,lb_miller,16424,453.33
P0AD61,pykF,LNFSHGDYAEHGQR,glycerol_pAA,16721,374.70
P0AD61,pykF,LNFSHGDYAEHGQR,acetate,13583,893.05
P0AD61,pykF,LNFSHGDYAEHGQR,fumarate,13260,786.23
P0AD61,pykF,LNFSHGDYAEHGQR,glucosamine,18736,1944.10
P0AD61,pykF,LNFSHGDYAEHGQR,glycerol,18844,506.43
P0AD61,pykF,LNFSHGDYAEHGQR,pyruvate,9564,601.43
P0AD61,pykF,LNFSHGDYAEHGQR,chemostat_u0.5,18522,825.93
P0AD61,pykF,LNFSHGDYAEHGQR,chemostat_u0.35,15125,876.01
P0AD61,pykF,LNFSHGDYAEHGQR,chemostat_u0.2,15252,409.09
P0AD61,pykF,LNFSHGDYAEHGQR,chemostat_u0.12,19651,1086.09
P0AD61,pykF,LNFSHGDYAEHGQR,stationary 1 day,28009,829.44
P0AD61,pykF,LNFSHGDYAEHGQR,stationary 3 day,25774,1690.72
P0AD61,pykF,LNFSHGDYAEHGQR,osmotic_stress_glucose,14846,2182.85
P0AD61,pykF,LNFSHGDYAEHGQR,42C,20961,2253.54
P0AD61,pykF,LNFSHGDYAEHGQR,pH6,23134,754.51
P0AD61,pykF,LNFSHGDYAEHGQR,xylose,25398,1670.88
P0AD61,pykF,LNFSHGDYAEHGQR,mannose,16025,1284.44
P0AD61,pykF,LNFSHGDYAEHGQR,galactose,19422,220.05
P0AD61,pykF,LNFSHGDYAEHGQR,succinate,13374,1600.04
P0AD61,pykF,LNFSHGDYAEHGQR,fructose,27852,463.68
P22259,pck,LTADQTQYHFLSGFTAK,glucose,622,32.62
P22259,pck,LTADQTQYHFLSGFTAK,lb_miller,3478,485.18
P22259,pck,LTADQTQYHFLSGFTAK,glycerol_pAA,4012,256.00
P22259,pck,LTADQTQYHFLSGFTAK,acetate,4808,279.62
P22259,pck,LTADQTQYHFLSGFTAK,fumarate,5108,283.14
P22259,pck,LTADQTQYHFLSGFTAK,glucosamine,3565,131.02
P22259,pck,LTADQTQYHFLSGFTAK,glycerol,3116,28.09
P22259,pck,LTADQTQYHFLSGFTAK,pyruvate,5373,144.71
P22259,pck,LTADQTQYHFLSGFTAK,chemostat_u0.5,3214,303.71
P22259,pck,LTADQTQYHFLSGFTAK,chemostat_u0.35,5149,236.83
P22259,pck,LTADQTQYHFLSGFTAK,chemostat_u0.2,4770,378.79
P22259,pck,LTADQTQYHFLSGFTAK,chemostat_u0.12,4573,292.32
P22259,pck,LTADQTQYHFLSGFTAK,stationary 1 day,1165,26.53
P22259,pck,LTADQTQYHFLSGFTAK,stationary 3 day,948,125.45
P22259,pck,LTADQTQYHFLSGFTAK,osmotic_stress_glucose,663,19.79
P22259,pck,LTADQTQYHFLSGFTAK,42C,583,29.55
P22259,pck,LTADQTQYHFLSGFTAK,pH6,538,15.21
P22259,pck,LTADQTQYHFLSGFTAK,xylose,1581,56.14
P22259,pck,LTADQTQYHFLSGFTAK,mannose,3920,99.01
P22259,pck,LTADQTQYHFLSGFTAK,galactose,3795,57.83
P22259,pck,LTADQTQYHFLSGFTAK,succinate,5023,631.37
P22259,pck,LTADQTQYHFLSGFTAK,fructose,1267,123.22
P0AFG8,aceE,LVPIIADEAR,glucose,6798,158.95
P0AFG8,aceE,LVPIIADEAR,lb_miller,9001,2000.73
P0AFG8,aceE,LVPIIADEAR,glycerol_pAA,5772,828.71
P0AFG8,aceE,LVPIIADEAR,acetate,3572,323.28
P0AFG8,aceE,LVPIIADEAR,fumarate,5964,142.54
P0AFG8,aceE,LVPIIADEAR,glucosamine,5375,117.01
P0AFG8,aceE,LVPIIADEAR,glycerol,5163,496.36
P0AFG8,aceE,LVPIIADEAR,pyruvate,21245,4859.27
P0AFG8,aceE,LVPIIADEAR,chemostat_u0.5,7343,612.01
P0AFG8,aceE,LVPIIADEAR,chemostat_u0.35,7433,273.53
P0AFG8,aceE,LVPIIADEAR,chemostat_u0.2,7170,650.41
P0AFG8,aceE,LVPIIADEAR,chemostat_u0.12,8589,106.50
P0AFG8,aceE,LVPIIADEAR,stationary 1 day,11033,504.91
P0AFG8,aceE,LVPIIADEAR,stationary 3 day,12379,1186.36
P0AFG8,aceE,LVPIIADEAR,osmotic_stress_glucose,7537,1495.09
P0AFG8,aceE,LVPIIADEAR,42C,7797,762.40
P0AFG8,aceE,LVPIIADEAR,pH6,10836,875.52
P0AFG8,aceE,LVPIIADEAR,xylose,12258,891.46
P0AFG8,aceE,LVPIIADEAR,mannose,6205,850.52
P0AFG8,aceE,LVPIIADEAR,galactose,4948,993.60
P0AFG8,aceE,LVPIIADEAR,succinate,6134,407.43
P0AFG8,aceE,LVPIIADEAR,fructose,10622,1394.77
P23538,pps,SNEYANLVGGER,glucose,601,56.63
P23538,pps,SNEYANLVGGER,lb_miller,809,9.79
P23538,pps,SNEYANLVGGER,glycerol_pAA,830,12.47
P23538,pps,SNEYANLVGGER,acetate,1692,129.86
P23538,pps,SNEYANLVGGER,fumarate,1781,73.78
P23538,pps,SNEYANLVGGER,glucosamine,895,19.59
P23538,pps,SNEYANLVGGER,glycerol,1043,24.17
P23538,pps,SNEYANLVGGER,pyruvate,2499,111.36
P23538,pps,SNEYANLVGGER,chemostat_u0.5,1027,130.64
P23538,pps,SNEYANLVGGER,chemostat_u0.35,1313,51.92
P23538,pps,SNEYANLVGGER,chemostat_u0.2,1350,17.94
P23538,pps,SNEYANLVGGER,chemostat_u0.12,1451,58.53
P23538,pps,SNEYANLVGGER,stationary 1 day,1174,108.17
P23538,pps,SNEYANLVGGER,stationary 3 day,1147,66.07
P23538,pps,SNEYANLVGGER,osmotic_stress_glucose,1010,175.97
P23538,pps,SNEYANLVGGER,42C,833,50.08
P23538,pps,SNEYANLVGGER,pH6,1043,34.46
P23538,pps,SNEYANLVGGER,xylose,662,135.53
P23538,pps,SNEYANLVGGER,mannose,1084,21.98
P23538,pps,SNEYANLVGGER,galactose,1185,39.89
P23538,pps,SNEYANLVGGER,succinate,2016,72.12
P23538,pps,SNEYANLVGGER,fructose,304,8.56
P0AB67,pntB,SPIAGMPVLEVWK,glucose,1190,86.63
P0AB67,pntB,SPIAGMPVLEVWK,lb_miller,380,87.75
P0AB67,pntB,SPIAGMPVLEVWK,glycerol_pAA,305,46.11
P0AB67,pntB,SPIAGMPVLEVWK,acetate,417,55.63
P0AB67,pntB,SPIAGMPVLEVWK,fumarate,610,48.79
P0AB67,pntB,SPIAGMPVLEVWK,glucosamine,1082,37.85
P0AB67,pntB,SPIAGMPVLEVWK,glycerol,937,106.86
P0AB67,pntB,SPIAGMPVLEVWK,pyruvate,804,270.95
P0AB67,pntB,SPIAGMPVLEVWK,chemostat_u0.5,1588,204.41
P0AB67,pntB,SPIAGMPVLEVWK,chemostat_u0.35,1221,102.86
P0AB67,pntB,SPIAGMPVLEVWK,chemostat_u0.2,1227,110.99
P0AB67,pntB,SPIAGMPVLEVWK,chemostat_u0.12,1049,37.06
P0AB67,pntB,SPIAGMPVLEVWK,stationary 1 day,832,65.95
P0AB67,pntB,SPIAGMPVLEVWK,stationary 3 day,782,135.44
P0AB67,pntB,SPIAGMPVLEVWK,osmotic_stress_glucose,635,134.42
P0AB67,pntB,SPIAGMPVLEVWK,42C,1404,322.34
P0AB67,pntB,SPIAGMPVLEVWK,pH6,786,64.30
P0AB67,pntB,SPIAGMPVLEVWK,xylose,967,90.64
P0AB67,pntB,SPIAGMPVLEVWK,mannose,914,187.33
P0AB67,pntB,SPIAGMPVLEVWK,galactose,497,119.87
P0AB67,pntB,SPIAGMPVLEVWK,succinate,626,73.58
P0AB67,pntB,SPIAGMPVLEVWK,fructose,1381,229.52
P36683,acnB,VADGATVVSTSTR,glucose,5400,51.70
P36683,acnB,VADGATVVSTSTR,lb_miller,7687,1324.24
P36683,acnB,VADGATVVSTSTR,glycerol_pAA,9233,367.06
P36683,acnB,VADGATVVSTSTR,acetate,20292,1646.10
P36683,acnB,VADGATVVSTSTR,fumarate,15636,411.49
P36683,acnB,VADGATVVSTSTR,glucosamine,10708,611.29
P36683,acnB,VADGATVVSTSTR,glycerol,8332,185.31
P36683,acnB,VADGATVVSTSTR,pyruvate,13413,612.89
P36683,acnB,VADGATVVSTSTR,chemostat_u0.5,11940,592.90
P36683,acnB,VADGATVVSTSTR,chemostat_u0.35,17360,537.52
P36683,acnB,VADGATVVSTSTR,chemostat_u0.2,16227,850.66
P36683,acnB,VADGATVVSTSTR,chemostat_u0.12,14995,138.98
P36683,acnB,VADGATVVSTSTR,stationary 1 day,1186,46.65
P36683,acnB,VADGATVVSTSTR,stationary 3 day,967,97.09
P36683,acnB,VADGATVVSTSTR,osmotic_stress_glucose,2053,340.88
P36683,acnB,VADGATVVSTSTR,42C,3288,314.47
P36683,acnB,VADGATVVSTSTR,pH6,3238,144.92
P36683,acnB,VADGATVVSTSTR,xylose,4874,1061.49
P36683,acnB,VADGATVVSTSTR,mannose,12707,401.20
P36683,acnB,VADGATVVSTSTR,galactose,11872,245.34
P36683,acnB,VADGATVVSTSTR,succinate,15387,647.97
P36683,acnB,VADGATVVSTSTR,fructose,6026,195.73
P0A9B2,gapA,VPTPNVSVVDLTVR,glucose,24500,742.58
P0A9B2,gapA,VPTPNVSVVDLTVR,lb_miller,16487,1274.94
P0A9B2,gapA,VPTPNVSVVDLTVR,glycerol_pAA,18101,768.01
P0A9B2,gapA,VPTPNVSVVDLTVR,acetate,13167,1021.25
P0A9B2,gapA,VPTPNVSVVDLTVR,fumarate,13267,472.62
P0A9B2,gapA,VPTPNVSVVDLTVR,glucosamine,17141,732.74
P0A9B2,gapA,VPTPNVSVVDLTVR,glycerol,18402,426.60
P0A9B2,gapA,VPTPNVSVVDLTVR,pyruvate,12618,388.80
P0A9B2,gapA,VPTPNVSVVDLTVR,chemostat_u0.5,18881,1534.00
P0A9B2,gapA,VPTPNVSVVDLTVR,chemostat_u0.35,13449,1065.40
P0A9B2,gapA,VPTPNVSVVDLTVR,chemostat_u0.2,11115,414.39
P0A9B2,gapA,VPTPNVSVVDLTVR,chemostat_u0.12,10505,32.11
P0A9B2,gapA,VPTPNVSVVDLTVR,stationary 1 day,15735,898.96
P0A9B2,gapA,VPTPNVSVVDLTVR,stationary 3 day,16676,1788.38
P0A9B2,gapA,VPTPNVSVVDLTVR,osmotic_stress_glucose,13500,1867.66
P0A9B2,gapA,VPTPNVSVVDLTVR,42C,25602,1015.35
P0A9B2,gapA,VPTPNVSVVDLTVR,pH6,19952,1147.98
P0A9B2,gapA,VPTPNVSVVDLTVR,xylose,21173,1706.53
P0A9B2,gapA,VPTPNVSVVDLTVR,mannose,15298,326.30
P0A9B2,gapA,VPTPNVSVVDLTVR,galactose,11236,1558.55
P0A9B2,gapA,VPTPNVSVVDLTVR,succinate,14077,642.87
P0A9B2,gapA,VPTPNVSVVDLTVR,fructose,31521,2032.58
P0A993,fbp,VTPVGTPVTEEDFLQPGNK,glucose,230,8.46
P0A993,fbp,VTPVGTPVTEEDFLQPGNK,lb_miller,513,53.40
P0A993,fbp,VTPVGTPVTEEDFLQPGNK,glycerol_pAA,397,17.66
P0A993,fbp,VTPVGTPVTEEDFLQPGNK,acetate,566,40.82
P0A993,fbp,VTPVGTPVTEEDFLQPGNK,fumarate,457,40.24
P0A993,fbp,VTPVGTPVTEEDFLQPGNK,glucosamine,298,26.90
P0A993,fbp,VTPVGTPVTEEDFLQPGNK,glycerol,287,27.43
P0A993,fbp,VTPVGTPVTEEDFLQPGNK,pyruvate,681,53.64
P0A993,fbp,VTPVGTPVTEEDFLQPGNK,chemostat_u0.5,255,12.82
P0A993,fbp,VTPVGTPVTEEDFLQPGNK,chemostat_u0.35,268,17.45
P0A993,fbp,VTPVGTPVTEEDFLQPGNK,chemostat_u0.2,272,13.10
P0A993,fbp,VTPVGTPVTEEDFLQPGNK,chemostat_u0.12,227,7.34
P0A993,fbp,VTPVGTPVTEEDFLQPGNK,stationary 1 day,316,92.97
P0A993,fbp,VTPVGTPVTEEDFLQPGNK,stationary 3 day,233,41.93
P0A993,fbp,VTPVGTPVTEEDFLQPGNK,osmotic_stress_glucose,354,60.58
P0A993,fbp,VTPVGTPVTEEDFLQPGNK,42C,282,66.42
P0A993,fbp,VTPVGTPVTEEDFLQPGNK,pH6,280,21.92
P0A993,fbp,VTPVGTPVTEEDFLQPGNK,xylose,334,22.66
P0A993,fbp,VTPVGTPVTEEDFLQPGNK,mannose,320,12.76
P0A993,fbp,VTPVGTPVTEEDFLQPGNK,galactose,306,8.97
P0A993,fbp,VTPVGTPVTEEDFLQPGNK,succinate,491,32.55
P0A993,fbp,VTPVGTPVTEEDFLQPGNK,fructose,211,13.90
P52697,pgl,WAADIHITPDGR,glucose,5657,342.31
P52697,pgl,WAADIHITPDGR,lb_miller,4505,1508.84
P52697,pgl,WAADIHITPDGR,glycerol_pAA,6611,159.85
P52697,pgl,WAADIHITPDGR,acetate,11469,2577.90
P52697,pgl,WAADIHITPDGR,fumarate,10949,571.77
P52697,pgl,WAADIHITPDGR,glucosamine,7546,1361.54
P52697,pgl,WAADIHITPDGR,glycerol,11419,1570.23
P52697,pgl,WAADIHITPDGR,pyruvate,6414,965.40
P52697,pgl,WAADIHITPDGR,chemostat_u0.5,10935,1827.25
P52697,pgl,WAADIHITPDGR,chemostat_u0.35,11535,1124.87
P52697,pgl,WAADIHITPDGR,chemostat_u0.2,15241,1636.79
P52697,pgl,WAADIHITPDGR,chemostat_u0.12,15756,1330.44
P52697,pgl,WAADIHITPDGR,stationary 1 day,23207,2211.76
P52697,pgl,WAADIHITPDGR,stationary 3 day,23154,1181.94
P52697,pgl,WAADIHITPDGR,osmotic_stress_glucose,18425,1364.72
P52697,pgl,WAADIHITPDGR,42C,10565,1330.92
P52697,pgl,WAADIHITPDGR,pH6,19974,398.64
P52697,pgl,WAADIHITPDGR,xylose,9688,864.78
P52697,pgl,WAADIHITPDGR,mannose,8953,190.59
P52697,pgl,WAADIHITPDGR,galactose,18962,803.41
P52697,pgl,WAADIHITPDGR,succinate,8535,2054.99
P52697,pgl,WAADIHITPDGR,fructose,7540,750.70
P0ACP1,fruR,WANDPFPIVALDR,glucose,418,25.86
P0ACP1,fruR,WANDPFPIVALDR,lb_miller,681,68.40
P0ACP1,fruR,WANDPFPIVALDR,glycerol_pAA,493,78.92
P0ACP1,fruR,WANDPFPIVALDR,acetate,910,85.74
P0ACP1,fruR,WANDPFPIVALDR,fumarate,967,60.34
P0ACP1,fruR,WANDPFPIVALDR,glucosamine,669,88.86
P0ACP1,fruR,WANDPFPIVALDR,glycerol,774,59.00
P0ACP1,fruR,WANDPFPIVALDR,pyruvate,1040,144.43
P0ACP1,fruR,WANDPFPIVALDR,chemostat_u0.5,869,40.08
P0ACP1,fruR,WANDPFPIVALDR,chemostat_u0.35,1098,88.07
P0ACP1,fruR,WANDPFPIVALDR,chemostat_u0.2,1160,116.10
P0ACP1,fruR,WANDPFPIVALDR,chemostat_u0.12,1524,81.70
P0ACP1,fruR,WANDPFPIVALDR,stationary 1 day,430,68.61
P0ACP1,fruR,WANDPFPIVALDR,stationary 3 day,452,27.38
P0ACP1,fruR,WANDPFPIVALDR,osmotic_stress_glucose,265,64.01
P0ACP1,fruR,WANDPFPIVALDR,42C,412,12.36
P0ACP1,fruR,WANDPFPIVALDR,pH6,344,27.31
P0ACP1,fruR,WANDPFPIVALDR,xylose,514,46.36
P0ACP1,fruR,WANDPFPIVALDR,mannose,887,130.14
P0ACP1,fruR,WANDPFPIVALDR,galactose,876,81.21
P0ACP1,fruR,WANDPFPIVALDR,succinate,1000,149.82
P0ACP1,fruR,WANDPFPIVALDR,fructose,755,7.30
P62707,gpmA,YYLGNADEIAAK,glucose,13852,362.39
P62707,gpmA,YYLGNADEIAAK,lb_miller,13315,742.36
P62707,gpmA,YYLGNADEIAAK,glycerol_pAA,13198,724.98
P62707,gpmA,YYLGNADEIAAK,acetate,14902,914.03
P62707,gpmA,YYLGNADEIAAK,fumarate,13776,76.13
P62707,gpmA,YYLGNADEIAAK,glucosamine,15668,235.77
P62707,gpmA,YYLGNADEIAAK,glycerol,13594,768.92
P62707,gpmA,YYLGNADEIAAK,pyruvate,12318,971.11
P62707,gpmA,YYLGNADEIAAK,chemostat_u0.5,11004,712.05
P62707,gpmA,YYLGNADEIAAK,chemostat_u0.35,12074,537.03
P62707,gpmA,YYLGNADEIAAK,chemostat_u0.2,13228,149.67
P62707,gpmA,YYLGNADEIAAK,chemostat_u0.12,14076,142.69
P62707,gpmA,YYLGNADEIAAK,stationary 1 day,28404,1534.32
P62707,gpmA,YYLGNADEIAAK,stationary 3 day,30845,1258.84
P62707,gpmA,YYLGNADEIAAK,osmotic_stress_glucose,24683,3531.27
P62707,gpmA,YYLGNADEIAAK,42C,18107,773.92
P62707,gpmA,YYLGNADEIAAK,pH6,26767,1920.75
P62707,gpmA,YYLGNADEIAAK,xylose,17438,1389.53
P62707,gpmA,YYLGNADEIAAK,mannose,12849,834.63
P62707,gpmA,YYLGNADEIAAK,galactose,13509,729.31
P62707,gpmA,YYLGNADEIAAK,succinate,12120,219.88
P62707,gpmA,YYLGNADEIAAK,fructose,12213,574.69
