aggregation_method,category,components,condition,dataset,dataset_name,growth_rate_hr,n_complex,name,rate,rate_units,shorthand
sum total,synthesis,['CPLX0-3803'],MOPS complete,li_2014,Li et al. 2014,1.934364224818452,223.75,DNA polymerase III (core enzyme),600.0,bp/s,dnap
sum total,synthesis,['APORNAP-CPLX'],MOPS complete,li_2014,Li et al. 2014,1.934364224818452,19173.833333333332,RNA polymerase (core enzyme),20.0,nt/s,rnap
average,synthesis,"['ALAS-MONOMER', 'ARGS-MONOMER', 'ASPS-MONOMER', 'ASNS-MONOMER', 'CYSS-MONOMER', 'GLURS-MONOMER', 'GLNS-MONOMER', 'GLYS-CPLX', 'HISS-MONOMER', 'ILES-MONOMER', 'LEUS-MONOMER', 'LYSS-MONOMER', 'METG-MONOMER', 'PHES-CPLX', 'PROS-MONOMER', 'SERS-MONOMER', 'THRS-MONOMER', 'TRPS-MONOMER', 'TYRS-MONOMER', 'VALS-MONOMER']",MOPS complete,li_2014,Li et al. 2014,1.934364224818452,5355.875,tRNA ligase,100.0,AA/s,trna
sum total,transport,"['CPLX-165', 'CPLX-157']",MOPS complete,li_2014,Li et al. 2014,1.934364224818452,21621.125,Glucose Transporters,200.0,glucose/s,glucose_tport
sum total,synthesis,['CPLX0-3964'],MOPS complete,li_2014,Li et al. 2014,1.934364224818452,136474.45909090908,Ribosome (50S + 30S),20.0,AA/s,ribosome
sum total,energy production,['ATPSYN-CPLX'],MOPS complete,li_2014,Li et al. 2014,1.934364224818452,10378.9875,F1-F0 ATP Synthase,100.0,atp/s,atp_synthase
sum total,synthesis,['CPLX0-3803'],MOPS complete without methionine,li_2014,Li et al. 2014,1.5693898427772346,106.34375,DNA polymerase III (core enzyme),600.0,bp/s,dnap
sum total,synthesis,['APORNAP-CPLX'],MOPS complete without methionine,li_2014,Li et al. 2014,1.5693898427772346,11173.333333333334,RNA polymerase (core enzyme),20.0,nt/s,rnap
average,synthesis,"['ALAS-MONOMER', 'ARGS-MONOMER', 'ASPS-MONOMER', 'ASNS-MONOMER', 'CYSS-MONOMER', 'GLURS-MONOMER', 'GLNS-MONOMER', 'GLYS-CPLX', 'HISS-MONOMER', 'ILES-MONOMER', 'LEUS-MONOMER', 'LYSS-MONOMER', 'METG-MONOMER', 'PHES-CPLX', 'PROS-MONOMER', 'SERS-MONOMER', 'THRS-MONOMER', 'TRPS-MONOMER', 'TYRS-MONOMER', 'VALS-MONOMER']",MOPS complete without methionine,li_2014,Li et al. 2014,1.5693898427772346,2482.125,tRNA ligase,100.0,AA/s,trna
sum total,transport,"['CPLX-165', 'CPLX-157']",MOPS complete without methionine,li_2014,Li et al. 2014,1.5693898427772346,7110.5,Glucose Transporters,200.0,glucose/s,glucose_tport
sum total,synthesis,['CPLX0-3964'],MOPS complete without methionine,li_2014,Li et al. 2014,1.5693898427772346,65577.32870370371,Ribosome (50S + 30S),20.0,AA/s,ribosome
sum total,energy production,['ATPSYN-CPLX'],MOPS complete without methionine,li_2014,Li et al. 2014,1.5693898427772346,5080.525,F1-F0 ATP Synthase,100.0,atp/s,atp_synthase
sum total,synthesis,['CPLX0-3803'],MOPS minimal,li_2014,Li et al. 2014,0.738700370046123,107.72916666666666,DNA polymerase III (core enzyme),600.0,bp/s,dnap
sum total,synthesis,['APORNAP-CPLX'],MOPS minimal,li_2014,Li et al. 2014,0.738700370046123,3999.1666666666665,RNA polymerase (core enzyme),20.0,nt/s,rnap
average,synthesis,"['ALAS-MONOMER', 'ARGS-MONOMER', 'ASPS-MONOMER', 'ASNS-MONOMER', 'CYSS-MONOMER', 'GLURS-MONOMER', 'GLNS-MONOMER', 'GLYS-CPLX', 'HISS-MONOMER', 'ILES-MONOMER', 'LEUS-MONOMER', 'LYSS-MONOMER', 'METG-MONOMER', 'PHES-CPLX', 'PROS-MONOMER', 'SERS-MONOMER', 'THRS-MONOMER', 'TRPS-MONOMER', 'TYRS-MONOMER', 'VALS-MONOMER']",MOPS minimal,li_2014,Li et al. 2014,0.738700370046123,928.25,tRNA ligase,100.0,AA/s,trna
sum total,transport,"['CPLX-165', 'CPLX-157']",MOPS minimal,li_2014,Li et al. 2014,0.738700370046123,9017.25,Glucose Transporters,200.0,glucose/s,glucose_tport
sum total,synthesis,['CPLX0-3964'],MOPS minimal,li_2014,Li et al. 2014,0.738700370046123,22302.104545454546,Ribosome (50S + 30S),20.0,AA/s,ribosome
sum total,energy production,['ATPSYN-CPLX'],MOPS minimal,li_2014,Li et al. 2014,0.738700370046123,2930.7375,F1-F0 ATP Synthase,100.0,atp/s,atp_synthase
sum total,synthesis,['CPLX0-3803'],glucose_minimal,peebo_2015,Peebo et al. 2015,0.21,41.236590279065005,DNA polymerase III (core enzyme),600.0,bp/s,dnap
sum total,synthesis,['APORNAP-CPLX'],glucose_minimal,peebo_2015,Peebo et al. 2015,0.21,3030.6084877338617,RNA polymerase (core enzyme),20.0,nt/s,rnap
average,synthesis,"['ALAS-MONOMER', 'ARGS-MONOMER', 'ASPS-MONOMER', 'ASNS-MONOMER', 'CYSS-MONOMER', 'GLURS-MONOMER', 'GLNS-MONOMER', 'GLYS-CPLX', 'HISS-MONOMER', 'ILES-MONOMER', 'LEUS-MONOMER', 'LYSS-MONOMER', 'METG-MONOMER', 'PHES-CPLX', 'PROS-MONOMER', 'SERS-MONOMER', 'THRS-MONOMER', 'TRPS-MONOMER', 'TYRS-MONOMER', 'VALS-MONOMER']",glucose_minimal,peebo_2015,Peebo et al. 2015,0.21,970.0852876140432,tRNA ligase,100.0,AA/s,trna
sum total,transport,"['CPLX-165', 'CPLX-157']",glucose_minimal,peebo_2015,Peebo et al. 2015,0.21,13004.219166940678,Glucose Transporters,200.0,glucose/s,glucose_tport
sum total,synthesis,['CPLX0-3964'],glucose_minimal,peebo_2015,Peebo et al. 2015,0.21,9444.712008906046,Ribosome (50S + 30S),20.0,AA/s,ribosome
sum total,energy production,['ATPSYN-CPLX'],glucose_minimal,peebo_2015,Peebo et al. 2015,0.21,2626.5623415733216,F1-F0 ATP Synthase,100.0,atp/s,atp_synthase
sum total,synthesis,['CPLX0-3803'],glucose_minimal,peebo_2015,Peebo et al. 2015,0.22,41.57062182882422,DNA polymerase III (core enzyme),600.0,bp/s,dnap
sum total,synthesis,['APORNAP-CPLX'],glucose_minimal,peebo_2015,Peebo et al. 2015,0.22,3004.274262807408,RNA polymerase (core enzyme),20.0,nt/s,rnap
average,synthesis,"['ALAS-MONOMER', 'ARGS-MONOMER', 'ASPS-MONOMER', 'ASNS-MONOMER', 'CYSS-MONOMER', 'GLURS-MONOMER', 'GLNS-MONOMER', 'GLYS-CPLX', 'HISS-MONOMER', 'ILES-MONOMER', 'LEUS-MONOMER', 'LYSS-MONOMER', 'METG-MONOMER', 'PHES-CPLX', 'PROS-MONOMER', 'SERS-MONOMER', 'THRS-MONOMER', 'TRPS-MONOMER', 'TYRS-MONOMER', 'VALS-MONOMER']",glucose_minimal,peebo_2015,Peebo et al. 2015,0.22,994.3030464519501,tRNA ligase,100.0,AA/s,trna
sum total,transport,"['CPLX-165', 'CPLX-157']",glucose_minimal,peebo_2015,Peebo et al. 2015,0.22,14538.325139611328,Glucose Transporters,200.0,glucose/s,glucose_tport
sum total,synthesis,['CPLX0-3964'],glucose_minimal,peebo_2015,Peebo et al. 2015,0.22,9699.636995764977,Ribosome (50S + 30S),20.0,AA/s,ribosome
sum total,energy production,['ATPSYN-CPLX'],glucose_minimal,peebo_2015,Peebo et al. 2015,0.22,2674.2216745632068,F1-F0 ATP Synthase,100.0,atp/s,atp_synthase
sum total,synthesis,['CPLX0-3803'],glucose_minimal,peebo_2015,Peebo et al. 2015,0.26,46.452799717623996,DNA polymerase III (core enzyme),600.0,bp/s,dnap
sum total,synthesis,['APORNAP-CPLX'],glucose_minimal,peebo_2015,Peebo et al. 2015,0.26,3293.788049696244,RNA polymerase (core enzyme),20.0,nt/s,rnap
average,synthesis,"['ALAS-MONOMER', 'ARGS-MONOMER', 'ASPS-MONOMER', 'ASNS-MONOMER', 'CYSS-MONOMER', 'GLURS-MONOMER', 'GLNS-MONOMER', 'GLYS-CPLX', 'HISS-MONOMER', 'ILES-MONOMER', 'LEUS-MONOMER', 'LYSS-MONOMER', 'METG-MONOMER', 'PHES-CPLX', 'PROS-MONOMER', 'SERS-MONOMER', 'THRS-MONOMER', 'TRPS-MONOMER', 'TYRS-MONOMER', 'VALS-MONOMER']",glucose_minimal,peebo_2015,Peebo et al. 2015,0.26,1058.9446276602966,tRNA ligase,100.0,AA/s,trna
sum total,transport,"['CPLX-165', 'CPLX-157']",glucose_minimal,peebo_2015,Peebo et al. 2015,0.26,15076.17948279476,Glucose Transporters,200.0,glucose/s,glucose_tport
sum total,synthesis,['CPLX0-3964'],glucose_minimal,peebo_2015,Peebo et al. 2015,0.26,11253.874972075837,Ribosome (50S + 30S),20.0,AA/s,ribosome
sum total,energy production,['ATPSYN-CPLX'],glucose_minimal,peebo_2015,Peebo et al. 2015,0.26,2956.0295113549105,F1-F0 ATP Synthase,100.0,atp/s,atp_synthase
sum total,synthesis,['CPLX0-3803'],glucose_minimal,peebo_2015,Peebo et al. 2015,0.31,46.700351781114605,DNA polymerase III (core enzyme),600.0,bp/s,dnap
sum total,synthesis,['APORNAP-CPLX'],glucose_minimal,peebo_2015,Peebo et al. 2015,0.31,3612.8512380939924,RNA polymerase (core enzyme),20.0,nt/s,rnap
average,synthesis,"['ALAS-MONOMER', 'ARGS-MONOMER', 'ASPS-MONOMER', 'ASNS-MONOMER', 'CYSS-MONOMER', 'GLURS-MONOMER', 'GLNS-MONOMER', 'GLYS-CPLX', 'HISS-MONOMER', 'ILES-MONOMER', 'LEUS-MONOMER', 'LYSS-MONOMER', 'METG-MONOMER', 'PHES-CPLX', 'PROS-MONOMER', 'SERS-MONOMER', 'THRS-MONOMER', 'TRPS-MONOMER', 'TYRS-MONOMER', 'VALS-MONOMER']",glucose_minimal,peebo_2015,Peebo et al. 2015,0.31,1089.814764657755,tRNA ligase,100.0,AA/s,trna
sum total,transport,"['CPLX-165', 'CPLX-157']",glucose_minimal,peebo_2015,Peebo et al. 2015,0.31,14194.743201149357,Glucose Transporters,200.0,glucose/s,glucose_tport
sum total,synthesis,['CPLX0-3964'],glucose_minimal,peebo_2015,Peebo et al. 2015,0.31,13010.833971981398,Ribosome (50S + 30S),20.0,AA/s,ribosome
sum total,energy production,['ATPSYN-CPLX'],glucose_minimal,peebo_2015,Peebo et al. 2015,0.31,3334.764823022083,F1-F0 ATP Synthase,100.0,atp/s,atp_synthase
sum total,synthesis,['CPLX0-3803'],glucose_minimal,peebo_2015,Peebo et al. 2015,0.36,53.08435519916727,DNA polymerase III (core enzyme),600.0,bp/s,dnap
sum total,synthesis,['APORNAP-CPLX'],glucose_minimal,peebo_2015,Peebo et al. 2015,0.36,4035.481131478849,RNA polymerase (core enzyme),20.0,nt/s,rnap
average,synthesis,"['ALAS-MONOMER', 'ARGS-MONOMER', 'ASPS-MONOMER', 'ASNS-MONOMER', 'CYSS-MONOMER', 'GLURS-MONOMER', 'GLNS-MONOMER', 'GLYS-CPLX', 'HISS-MONOMER', 'ILES-MONOMER', 'LEUS-MONOMER', 'LYSS-MONOMER', 'METG-MONOMER', 'PHES-CPLX', 'PROS-MONOMER', 'SERS-MONOMER', 'THRS-MONOMER', 'TRPS-MONOMER', 'TYRS-MONOMER', 'VALS-MONOMER']",glucose_minimal,peebo_2015,Peebo et al. 2015,0.36,1182.3815100818242,tRNA ligase,100.0,AA/s,trna
sum total,transport,"['CPLX-165', 'CPLX-157']",glucose_minimal,peebo_2015,Peebo et al. 2015,0.36,15830.100789371902,Glucose Transporters,200.0,glucose/s,glucose_tport
sum total,synthesis,['CPLX0-3964'],glucose_minimal,peebo_2015,Peebo et al. 2015,0.36,16235.502790735587,Ribosome (50S + 30S),20.0,AA/s,ribosome
sum total,energy production,['ATPSYN-CPLX'],glucose_minimal,peebo_2015,Peebo et al. 2015,0.36,3729.5649353887807,F1-F0 ATP Synthase,100.0,atp/s,atp_synthase
sum total,synthesis,['CPLX0-3803'],glucose_minimal,peebo_2015,Peebo et al. 2015,0.41,54.801906086122344,DNA polymerase III (core enzyme),600.0,bp/s,dnap
sum total,synthesis,['APORNAP-CPLX'],glucose_minimal,peebo_2015,Peebo et al. 2015,0.41,4467.4468690241765,RNA polymerase (core enzyme),20.0,nt/s,rnap
average,synthesis,"['ALAS-MONOMER', 'ARGS-MONOMER', 'ASPS-MONOMER', 'ASNS-MONOMER', 'CYSS-MONOMER', 'GLURS-MONOMER', 'GLNS-MONOMER', 'GLYS-CPLX', 'HISS-MONOMER', 'ILES-MONOMER', 'LEUS-MONOMER', 'LYSS-MONOMER', 'METG-MONOMER', 'PHES-CPLX', 'PROS-MONOMER', 'SERS-MONOMER', 'THRS-MONOMER', 'TRPS-MONOMER', 'TYRS-MONOMER', 'VALS-MONOMER']",glucose_minimal,peebo_2015,Peebo et al. 2015,0.41,1193.7226065820569,tRNA ligase,100.0,AA/s,trna
sum total,transport,"['CPLX-165', 'CPLX-157']",glucose_minimal,peebo_2015,Peebo et al. 2015,0.41,17163.46779256979,Glucose Transporters,200.0,glucose/s,glucose_tport
sum total,synthesis,['CPLX0-3964'],glucose_minimal,peebo_2015,Peebo et al. 2015,0.41,18876.616225014248,Ribosome (50S + 30S),20.0,AA/s,ribosome
sum total,energy production,['ATPSYN-CPLX'],glucose_minimal,peebo_2015,Peebo et al. 2015,0.41,3861.8104251249597,F1-F0 ATP Synthase,100.0,atp/s,atp_synthase
sum total,synthesis,['CPLX0-3803'],glucose_minimal,peebo_2015,Peebo et al. 2015,0.46,58.7826945747119,DNA polymerase III (core enzyme),600.0,bp/s,dnap
sum total,synthesis,['APORNAP-CPLX'],glucose_minimal,peebo_2015,Peebo et al. 2015,0.46,4803.4570176906445,RNA polymerase (core enzyme),20.0,nt/s,rnap
average,synthesis,"['ALAS-MONOMER', 'ARGS-MONOMER', 'ASPS-MONOMER', 'ASNS-MONOMER', 'CYSS-MONOMER', 'GLURS-MONOMER', 'GLNS-MONOMER', 'GLYS-CPLX', 'HISS-MONOMER', 'ILES-MONOMER', 'LEUS-MONOMER', 'LYSS-MONOMER', 'METG-MONOMER', 'PHES-CPLX', 'PROS-MONOMER', 'SERS-MONOMER', 'THRS-MONOMER', 'TRPS-MONOMER', 'TYRS-MONOMER', 'VALS-MONOMER']",glucose_minimal,peebo_2015,Peebo et al. 2015,0.46,1298.836227578424,tRNA ligase,100.0,AA/s,trna
sum total,transport,"['CPLX-165', 'CPLX-157']",glucose_minimal,peebo_2015,Peebo et al. 2015,0.46,17662.261016045235,Glucose Transporters,200.0,glucose/s,glucose_tport
sum total,synthesis,['CPLX0-3964'],glucose_minimal,peebo_2015,Peebo et al. 2015,0.46,21616.066583192503,Ribosome (50S + 30S),20.0,AA/s,ribosome
sum total,energy production,['ATPSYN-CPLX'],glucose_minimal,peebo_2015,Peebo et al. 2015,0.46,4202.980027621696,F1-F0 ATP Synthase,100.0,atp/s,atp_synthase
sum total,synthesis,['CPLX0-3803'],glucose_minimal,peebo_2015,Peebo et al. 2015,0.51,55.228014558800965,DNA polymerase III (core enzyme),600.0,bp/s,dnap
sum total,synthesis,['APORNAP-CPLX'],glucose_minimal,peebo_2015,Peebo et al. 2015,0.51,5165.16089052291,RNA polymerase (core enzyme),20.0,nt/s,rnap
average,synthesis,"['ALAS-MONOMER', 'ARGS-MONOMER', 'ASPS-MONOMER', 'ASNS-MONOMER', 'CYSS-MONOMER', 'GLURS-MONOMER', 'GLNS-MONOMER', 'GLYS-CPLX', 'HISS-MONOMER', 'ILES-MONOMER', 'LEUS-MONOMER', 'LYSS-MONOMER', 'METG-MONOMER', 'PHES-CPLX', 'PROS-MONOMER', 'SERS-MONOMER', 'THRS-MONOMER', 'TRPS-MONOMER', 'TYRS-MONOMER', 'VALS-MONOMER']",glucose_minimal,peebo_2015,Peebo et al. 2015,0.51,1372.9405976822334,tRNA ligase,100.0,AA/s,trna
sum total,transport,"['CPLX-165', 'CPLX-157']",glucose_minimal,peebo_2015,Peebo et al. 2015,0.51,15101.111231255469,Glucose Transporters,200.0,glucose/s,glucose_tport
sum total,synthesis,['CPLX0-3964'],glucose_minimal,peebo_2015,Peebo et al. 2015,0.51,24590.239239874696,Ribosome (50S + 30S),20.0,AA/s,ribosome
sum total,energy production,['ATPSYN-CPLX'],glucose_minimal,peebo_2015,Peebo et al. 2015,0.51,4285.674879471644,F1-F0 ATP Synthase,100.0,atp/s,atp_synthase
sum total,synthesis,['CPLX0-3803'],rich,peebo_2015,Peebo et al. 2015,0.25,39.379869929212866,DNA polymerase III (core enzyme),600.0,bp/s,dnap
sum total,synthesis,['APORNAP-CPLX'],rich,peebo_2015,Peebo et al. 2015,0.25,3331.496454940348,RNA polymerase (core enzyme),20.0,nt/s,rnap
average,synthesis,"['ALAS-MONOMER', 'ARGS-MONOMER', 'ASPS-MONOMER', 'ASNS-MONOMER', 'CYSS-MONOMER', 'GLURS-MONOMER', 'GLNS-MONOMER', 'GLYS-CPLX', 'HISS-MONOMER', 'ILES-MONOMER', 'LEUS-MONOMER', 'LYSS-MONOMER', 'METG-MONOMER', 'PHES-CPLX', 'PROS-MONOMER', 'SERS-MONOMER', 'THRS-MONOMER', 'TRPS-MONOMER', 'TYRS-MONOMER', 'VALS-MONOMER']",rich,peebo_2015,Peebo et al. 2015,0.25,974.6071324433021,tRNA ligase,100.0,AA/s,trna
sum total,transport,"['CPLX-165', 'CPLX-157']",rich,peebo_2015,Peebo et al. 2015,0.25,13604.57930275464,Glucose Transporters,200.0,glucose/s,glucose_tport
sum total,synthesis,['CPLX0-3964'],rich,peebo_2015,Peebo et al. 2015,0.25,10948.56970904837,Ribosome (50S + 30S),20.0,AA/s,ribosome
sum total,energy production,['ATPSYN-CPLX'],rich,peebo_2015,Peebo et al. 2015,0.25,3480.096477831801,F1-F0 ATP Synthase,100.0,atp/s,atp_synthase
sum total,synthesis,['CPLX0-3803'],rich,peebo_2015,Peebo et al. 2015,0.35,53.37257218208142,DNA polymerase III (core enzyme),600.0,bp/s,dnap
sum total,synthesis,['APORNAP-CPLX'],rich,peebo_2015,Peebo et al. 2015,0.35,3845.4508284071217,RNA polymerase (core enzyme),20.0,nt/s,rnap
average,synthesis,"['ALAS-MONOMER', 'ARGS-MONOMER', 'ASPS-MONOMER', 'ASNS-MONOMER', 'CYSS-MONOMER', 'GLURS-MONOMER', 'GLNS-MONOMER', 'GLYS-CPLX', 'HISS-MONOMER', 'ILES-MONOMER', 'LEUS-MONOMER', 'LYSS-MONOMER', 'METG-MONOMER', 'PHES-CPLX', 'PROS-MONOMER', 'SERS-MONOMER', 'THRS-MONOMER', 'TRPS-MONOMER', 'TYRS-MONOMER', 'VALS-MONOMER']",rich,peebo_2015,Peebo et al. 2015,0.35,1108.1632296861485,tRNA ligase,100.0,AA/s,trna
sum total,transport,"['CPLX-165', 'CPLX-157']",rich,peebo_2015,Peebo et al. 2015,0.35,15154.839918718073,Glucose Transporters,200.0,glucose/s,glucose_tport
sum total,synthesis,['CPLX0-3964'],rich,peebo_2015,Peebo et al. 2015,0.35,14853.170255933253,Ribosome (50S + 30S),20.0,AA/s,ribosome
sum total,energy production,['ATPSYN-CPLX'],rich,peebo_2015,Peebo et al. 2015,0.35,4424.669203697841,F1-F0 ATP Synthase,100.0,atp/s,atp_synthase
sum total,synthesis,['CPLX0-3803'],rich,peebo_2015,Peebo et al. 2015,0.42,45.36455446222821,DNA polymerase III (core enzyme),600.0,bp/s,dnap
sum total,synthesis,['APORNAP-CPLX'],rich,peebo_2015,Peebo et al. 2015,0.42,4162.97881506709,RNA polymerase (core enzyme),20.0,nt/s,rnap
average,synthesis,"['ALAS-MONOMER', 'ARGS-MONOMER', 'ASPS-MONOMER', 'ASNS-MONOMER', 'CYSS-MONOMER', 'GLURS-MONOMER', 'GLNS-MONOMER', 'GLYS-CPLX', 'HISS-MONOMER', 'ILES-MONOMER', 'LEUS-MONOMER', 'LYSS-MONOMER', 'METG-MONOMER', 'PHES-CPLX', 'PROS-MONOMER', 'SERS-MONOMER', 'THRS-MONOMER', 'TRPS-MONOMER', 'TYRS-MONOMER', 'VALS-MONOMER']",rich,peebo_2015,Peebo et al. 2015,0.42,1148.3954857728475,tRNA ligase,100.0,AA/s,trna
sum total,transport,"['CPLX-165', 'CPLX-157']",rich,peebo_2015,Peebo et al. 2015,0.42,16235.220889481358,Glucose Transporters,200.0,glucose/s,glucose_tport
sum total,synthesis,['CPLX0-3964'],rich,peebo_2015,Peebo et al. 2015,0.42,17359.743771084464,Ribosome (50S + 30S),20.0,AA/s,ribosome
sum total,energy production,['ATPSYN-CPLX'],rich,peebo_2015,Peebo et al. 2015,0.42,4809.90485316658,F1-F0 ATP Synthase,100.0,atp/s,atp_synthase
sum total,synthesis,['CPLX0-3803'],rich,peebo_2015,Peebo et al. 2015,0.45,54.695622095158654,DNA polymerase III (core enzyme),600.0,bp/s,dnap
sum total,synthesis,['APORNAP-CPLX'],rich,peebo_2015,Peebo et al. 2015,0.45,4476.330202848697,RNA polymerase (core enzyme),20.0,nt/s,rnap
average,synthesis,"['ALAS-MONOMER', 'ARGS-MONOMER', 'ASPS-MONOMER', 'ASNS-MONOMER', 'CYSS-MONOMER', 'GLURS-MONOMER', 'GLNS-MONOMER', 'GLYS-CPLX', 'HISS-MONOMER', 'ILES-MONOMER', 'LEUS-MONOMER', 'LYSS-MONOMER', 'METG-MONOMER', 'PHES-CPLX', 'PROS-MONOMER', 'SERS-MONOMER', 'THRS-MONOMER', 'TRPS-MONOMER', 'TYRS-MONOMER', 'VALS-MONOMER']",rich,peebo_2015,Peebo et al. 2015,0.45,1204.2885732884906,tRNA ligase,100.0,AA/s,trna
sum total,transport,"['CPLX-165', 'CPLX-157']",rich,peebo_2015,Peebo et al. 2015,0.45,15653.094970568702,Glucose Transporters,200.0,glucose/s,glucose_tport
sum total,synthesis,['CPLX0-3964'],rich,peebo_2015,Peebo et al. 2015,0.45,19236.34764119286,Ribosome (50S + 30S),20.0,AA/s,ribosome
sum total,energy production,['ATPSYN-CPLX'],rich,peebo_2015,Peebo et al. 2015,0.45,5247.756679423199,F1-F0 ATP Synthase,100.0,atp/s,atp_synthase
sum total,synthesis,['CPLX0-3803'],rich,peebo_2015,Peebo et al. 2015,0.53,66.05291494534691,DNA polymerase III (core enzyme),600.0,bp/s,dnap
sum total,synthesis,['APORNAP-CPLX'],rich,peebo_2015,Peebo et al. 2015,0.53,4926.336920484292,RNA polymerase (core enzyme),20.0,nt/s,rnap
average,synthesis,"['ALAS-MONOMER', 'ARGS-MONOMER', 'ASPS-MONOMER', 'ASNS-MONOMER', 'CYSS-MONOMER', 'GLURS-MONOMER', 'GLNS-MONOMER', 'GLYS-CPLX', 'HISS-MONOMER', 'ILES-MONOMER', 'LEUS-MONOMER', 'LYSS-MONOMER', 'METG-MONOMER', 'PHES-CPLX', 'PROS-MONOMER', 'SERS-MONOMER', 'THRS-MONOMER', 'TRPS-MONOMER', 'TYRS-MONOMER', 'VALS-MONOMER']",rich,peebo_2015,Peebo et al. 2015,0.53,1277.1133981520231,tRNA ligase,100.0,AA/s,trna
sum total,transport,"['CPLX-165', 'CPLX-157']",rich,peebo_2015,Peebo et al. 2015,0.53,16397.170253440556,Glucose Transporters,200.0,glucose/s,glucose_tport
sum total,synthesis,['CPLX0-3964'],rich,peebo_2015,Peebo et al. 2015,0.53,22956.830465182775,Ribosome (50S + 30S),20.0,AA/s,ribosome
sum total,energy production,['ATPSYN-CPLX'],rich,peebo_2015,Peebo et al. 2015,0.53,5629.766279419033,F1-F0 ATP Synthase,100.0,atp/s,atp_synthase
sum total,synthesis,['CPLX0-3803'],rich,peebo_2015,Peebo et al. 2015,0.55,0.0,DNA polymerase III (core enzyme),600.0,bp/s,dnap
sum total,synthesis,['APORNAP-CPLX'],rich,peebo_2015,Peebo et al. 2015,0.55,5164.003137224907,RNA polymerase (core enzyme),20.0,nt/s,rnap
average,synthesis,"['ALAS-MONOMER', 'ARGS-MONOMER', 'ASPS-MONOMER', 'ASNS-MONOMER', 'CYSS-MONOMER', 'GLURS-MONOMER', 'GLNS-MONOMER', 'GLYS-CPLX', 'HISS-MONOMER', 'ILES-MONOMER', 'LEUS-MONOMER', 'LYSS-MONOMER', 'METG-MONOMER', 'PHES-CPLX', 'PROS-MONOMER', 'SERS-MONOMER', 'THRS-MONOMER', 'TRPS-MONOMER', 'TYRS-MONOMER', 'VALS-MONOMER']",rich,peebo_2015,Peebo et al. 2015,0.55,1338.5856303805822,tRNA ligase,100.0,AA/s,trna
sum total,transport,"['CPLX-165', 'CPLX-157']",rich,peebo_2015,Peebo et al. 2015,0.55,16041.168038238962,Glucose Transporters,200.0,glucose/s,glucose_tport
sum total,synthesis,['CPLX0-3964'],rich,peebo_2015,Peebo et al. 2015,0.55,24929.395502495667,Ribosome (50S + 30S),20.0,AA/s,ribosome
sum total,energy production,['ATPSYN-CPLX'],rich,peebo_2015,Peebo et al. 2015,0.55,5646.2701399348225,F1-F0 ATP Synthase,100.0,atp/s,atp_synthase
sum total,synthesis,['CPLX0-3803'],rich,peebo_2015,Peebo et al. 2015,0.63,55.66259403563932,DNA polymerase III (core enzyme),600.0,bp/s,dnap
sum total,synthesis,['APORNAP-CPLX'],rich,peebo_2015,Peebo et al. 2015,0.63,5480.668871205703,RNA polymerase (core enzyme),20.0,nt/s,rnap
average,synthesis,"['ALAS-MONOMER', 'ARGS-MONOMER', 'ASPS-MONOMER', 'ASNS-MONOMER', 'CYSS-MONOMER', 'GLURS-MONOMER', 'GLNS-MONOMER', 'GLYS-CPLX', 'HISS-MONOMER', 'ILES-MONOMER', 'LEUS-MONOMER', 'LYSS-MONOMER', 'METG-MONOMER', 'PHES-CPLX', 'PROS-MONOMER', 'SERS-MONOMER', 'THRS-MONOMER', 'TRPS-MONOMER', 'TYRS-MONOMER', 'VALS-MONOMER']",rich,peebo_2015,Peebo et al. 2015,0.63,1348.8830877366563,tRNA ligase,100.0,AA/s,trna
sum total,transport,"['CPLX-165', 'CPLX-157']",rich,peebo_2015,Peebo et al. 2015,0.63,16861.7125688009,Glucose Transporters,200.0,glucose/s,glucose_tport
sum total,synthesis,['CPLX0-3964'],rich,peebo_2015,Peebo et al. 2015,0.63,29233.20977305864,Ribosome (50S + 30S),20.0,AA/s,ribosome
sum total,energy production,['ATPSYN-CPLX'],rich,peebo_2015,Peebo et al. 2015,0.63,6192.03226198355,F1-F0 ATP Synthase,100.0,atp/s,atp_synthase
sum total,synthesis,['CPLX0-3803'],rich,peebo_2015,Peebo et al. 2015,0.65,80.30180325196805,DNA polymerase III (core enzyme),600.0,bp/s,dnap
sum total,synthesis,['APORNAP-CPLX'],rich,peebo_2015,Peebo et al. 2015,0.65,5772.135331663296,RNA polymerase (core enzyme),20.0,nt/s,rnap
average,synthesis,"['ALAS-MONOMER', 'ARGS-MONOMER', 'ASPS-MONOMER', 'ASNS-MONOMER', 'CYSS-MONOMER', 'GLURS-MONOMER', 'GLNS-MONOMER', 'GLYS-CPLX', 'HISS-MONOMER', 'ILES-MONOMER', 'LEUS-MONOMER', 'LYSS-MONOMER', 'METG-MONOMER', 'PHES-CPLX', 'PROS-MONOMER', 'SERS-MONOMER', 'THRS-MONOMER', 'TRPS-MONOMER', 'TYRS-MONOMER', 'VALS-MONOMER']",rich,peebo_2015,Peebo et al. 2015,0.65,1433.580946266696,tRNA ligase,100.0,AA/s,trna
sum total,transport,"['CPLX-165', 'CPLX-157']",rich,peebo_2015,Peebo et al. 2015,0.65,16432.460107725263,Glucose Transporters,200.0,glucose/s,glucose_tport
sum total,synthesis,['CPLX0-3964'],rich,peebo_2015,Peebo et al. 2015,0.65,31235.893105731164,Ribosome (50S + 30S),20.0,AA/s,ribosome
sum total,energy production,['ATPSYN-CPLX'],rich,peebo_2015,Peebo et al. 2015,0.65,6420.666027754734,F1-F0 ATP Synthase,100.0,atp/s,atp_synthase
sum total,synthesis,['CPLX0-3803'],rich,peebo_2015,Peebo et al. 2015,0.73,59.68827783509738,DNA polymerase III (core enzyme),600.0,bp/s,dnap
sum total,synthesis,['APORNAP-CPLX'],rich,peebo_2015,Peebo et al. 2015,0.73,5983.581638691877,RNA polymerase (core enzyme),20.0,nt/s,rnap
average,synthesis,"['ALAS-MONOMER', 'ARGS-MONOMER', 'ASPS-MONOMER', 'ASNS-MONOMER', 'CYSS-MONOMER', 'GLURS-MONOMER', 'GLNS-MONOMER', 'GLYS-CPLX', 'HISS-MONOMER', 'ILES-MONOMER', 'LEUS-MONOMER', 'LYSS-MONOMER', 'METG-MONOMER', 'PHES-CPLX', 'PROS-MONOMER', 'SERS-MONOMER', 'THRS-MONOMER', 'TRPS-MONOMER', 'TYRS-MONOMER', 'VALS-MONOMER']",rich,peebo_2015,Peebo et al. 2015,0.73,1519.4287934137687,tRNA ligase,100.0,AA/s,trna
sum total,transport,"['CPLX-165', 'CPLX-157']",rich,peebo_2015,Peebo et al. 2015,0.73,16225.037756393667,Glucose Transporters,200.0,glucose/s,glucose_tport
sum total,synthesis,['CPLX0-3964'],rich,peebo_2015,Peebo et al. 2015,0.73,33676.48333463338,Ribosome (50S + 30S),20.0,AA/s,ribosome
sum total,energy production,['ATPSYN-CPLX'],rich,peebo_2015,Peebo et al. 2015,0.73,6430.707984937322,F1-F0 ATP Synthase,100.0,atp/s,atp_synthase
sum total,synthesis,['CPLX0-3803'],rich,peebo_2015,Peebo et al. 2015,0.74,0.0,DNA polymerase III (core enzyme),600.0,bp/s,dnap
sum total,synthesis,['APORNAP-CPLX'],rich,peebo_2015,Peebo et al. 2015,0.74,6634.32668649489,RNA polymerase (core enzyme),20.0,nt/s,rnap
average,synthesis,"['ALAS-MONOMER', 'ARGS-MONOMER', 'ASPS-MONOMER', 'ASNS-MONOMER', 'CYSS-MONOMER', 'GLURS-MONOMER', 'GLNS-MONOMER', 'GLYS-CPLX', 'HISS-MONOMER', 'ILES-MONOMER', 'LEUS-MONOMER', 'LYSS-MONOMER', 'METG-MONOMER', 'PHES-CPLX', 'PROS-MONOMER', 'SERS-MONOMER', 'THRS-MONOMER', 'TRPS-MONOMER', 'TYRS-MONOMER', 'VALS-MONOMER']",rich,peebo_2015,Peebo et al. 2015,0.74,1612.28898808795,tRNA ligase,100.0,AA/s,trna
sum total,transport,"['CPLX-165', 'CPLX-157']",rich,peebo_2015,Peebo et al. 2015,0.74,17473.53047533935,Glucose Transporters,200.0,glucose/s,glucose_tport
sum total,synthesis,['CPLX0-3964'],rich,peebo_2015,Peebo et al. 2015,0.74,37044.462789280595,Ribosome (50S + 30S),20.0,AA/s,ribosome
sum total,energy production,['ATPSYN-CPLX'],rich,peebo_2015,Peebo et al. 2015,0.74,7029.914056522063,F1-F0 ATP Synthase,100.0,atp/s,atp_synthase
sum total,synthesis,['CPLX0-3803'],rich,peebo_2015,Peebo et al. 2015,0.78,66.07585984256635,DNA polymerase III (core enzyme),600.0,bp/s,dnap
sum total,synthesis,['APORNAP-CPLX'],rich,peebo_2015,Peebo et al. 2015,0.78,6916.647971123569,RNA polymerase (core enzyme),20.0,nt/s,rnap
average,synthesis,"['ALAS-MONOMER', 'ARGS-MONOMER', 'ASPS-MONOMER', 'ASNS-MONOMER', 'CYSS-MONOMER', 'GLURS-MONOMER', 'GLNS-MONOMER', 'GLYS-CPLX', 'HISS-MONOMER', 'ILES-MONOMER', 'LEUS-MONOMER', 'LYSS-MONOMER', 'METG-MONOMER', 'PHES-CPLX', 'PROS-MONOMER', 'SERS-MONOMER', 'THRS-MONOMER', 'TRPS-MONOMER', 'TYRS-MONOMER', 'VALS-MONOMER']",rich,peebo_2015,Peebo et al. 2015,0.78,1707.147442351371,tRNA ligase,100.0,AA/s,trna
sum total,transport,"['CPLX-165', 'CPLX-157']",rich,peebo_2015,Peebo et al. 2015,0.78,17501.245667453924,Glucose Transporters,200.0,glucose/s,glucose_tport
sum total,synthesis,['CPLX0-3964'],rich,peebo_2015,Peebo et al. 2015,0.78,39149.72382361658,Ribosome (50S + 30S),20.0,AA/s,ribosome
sum total,energy production,['ATPSYN-CPLX'],rich,peebo_2015,Peebo et al. 2015,0.78,6999.310087996565,F1-F0 ATP Synthase,100.0,atp/s,atp_synthase
sum total,synthesis,['CPLX0-3803'],rich,peebo_2015,Peebo et al. 2015,0.82,107.06100854409584,DNA polymerase III (core enzyme),600.0,bp/s,dnap
sum total,synthesis,['APORNAP-CPLX'],rich,peebo_2015,Peebo et al. 2015,0.82,8031.6474239706595,RNA polymerase (core enzyme),20.0,nt/s,rnap
average,synthesis,"['ALAS-MONOMER', 'ARGS-MONOMER', 'ASPS-MONOMER', 'ASNS-MONOMER', 'CYSS-MONOMER', 'GLURS-MONOMER', 'GLNS-MONOMER', 'GLYS-CPLX', 'HISS-MONOMER', 'ILES-MONOMER', 'LEUS-MONOMER', 'LYSS-MONOMER', 'METG-MONOMER', 'PHES-CPLX', 'PROS-MONOMER', 'SERS-MONOMER', 'THRS-MONOMER', 'TRPS-MONOMER', 'TYRS-MONOMER', 'VALS-MONOMER']",rich,peebo_2015,Peebo et al. 2015,0.82,2002.4400935296399,tRNA ligase,100.0,AA/s,trna
sum total,transport,"['CPLX-165', 'CPLX-157']",rich,peebo_2015,Peebo et al. 2015,0.82,13390.86761801029,Glucose Transporters,200.0,glucose/s,glucose_tport
sum total,synthesis,['CPLX0-3964'],rich,peebo_2015,Peebo et al. 2015,0.82,44716.15698198466,Ribosome (50S + 30S),20.0,AA/s,ribosome
sum total,energy production,['ATPSYN-CPLX'],rich,peebo_2015,Peebo et al. 2015,0.82,6977.089054227636,F1-F0 ATP Synthase,100.0,atp/s,atp_synthase
sum total,synthesis,['CPLX0-3803'],42C,schmidt_2016,Schmidt et al. 2016,0.66,40.85626296816007,DNA polymerase III (core enzyme),600.0,bp/s,dnap
sum total,synthesis,['APORNAP-CPLX'],42C,schmidt_2016,Schmidt et al. 2016,0.66,5588.925666420736,RNA polymerase (core enzyme),20.0,nt/s,rnap
average,synthesis,"['ALAS-MONOMER', 'ARGS-MONOMER', 'ASPS-MONOMER', 'ASNS-MONOMER', 'CYSS-MONOMER', 'GLURS-MONOMER', 'GLNS-MONOMER', 'GLYS-CPLX', 'HISS-MONOMER', 'ILES-MONOMER', 'LEUS-MONOMER', 'LYSS-MONOMER', 'METG-MONOMER', 'PHES-CPLX', 'PROS-MONOMER', 'SERS-MONOMER', 'THRS-MONOMER', 'TRPS-MONOMER', 'TYRS-MONOMER', 'VALS-MONOMER']",42C,schmidt_2016,Schmidt et al. 2016,0.66,1901.696869877217,tRNA ligase,100.0,AA/s,trna
sum total,transport,"['CPLX-165', 'CPLX-157']",42C,schmidt_2016,Schmidt et al. 2016,0.66,17935.19079536571,Glucose Transporters,200.0,glucose/s,glucose_tport
sum total,synthesis,['CPLX0-3964'],42C,schmidt_2016,Schmidt et al. 2016,0.66,22231.025503585402,Ribosome (50S + 30S),20.0,AA/s,ribosome
sum total,energy production,['ATPSYN-CPLX'],42C,schmidt_2016,Schmidt et al. 2016,0.66,4432.232431776694,F1-F0 ATP Synthase,100.0,atp/s,atp_synthase
sum total,synthesis,['CPLX0-3803'],acetate,schmidt_2016,Schmidt et al. 2016,0.3,14.735222948979295,DNA polymerase III (core enzyme),600.0,bp/s,dnap
sum total,synthesis,['APORNAP-CPLX'],acetate,schmidt_2016,Schmidt et al. 2016,0.3,3199.227343486582,RNA polymerase (core enzyme),20.0,nt/s,rnap
average,synthesis,"['ALAS-MONOMER', 'ARGS-MONOMER', 'ASPS-MONOMER', 'ASNS-MONOMER', 'CYSS-MONOMER', 'GLURS-MONOMER', 'GLNS-MONOMER', 'GLYS-CPLX', 'HISS-MONOMER', 'ILES-MONOMER', 'LEUS-MONOMER', 'LYSS-MONOMER', 'METG-MONOMER', 'PHES-CPLX', 'PROS-MONOMER', 'SERS-MONOMER', 'THRS-MONOMER', 'TRPS-MONOMER', 'TYRS-MONOMER', 'VALS-MONOMER']",acetate,schmidt_2016,Schmidt et al. 2016,0.3,949.0500025614658,tRNA ligase,100.0,AA/s,trna
sum total,transport,"['CPLX-165', 'CPLX-157']",acetate,schmidt_2016,Schmidt et al. 2016,0.3,8182.697516390164,Glucose Transporters,200.0,glucose/s,glucose_tport
sum total,synthesis,['CPLX0-3964'],acetate,schmidt_2016,Schmidt et al. 2016,0.3,8269.167183221183,Ribosome (50S + 30S),20.0,AA/s,ribosome
sum total,energy production,['ATPSYN-CPLX'],acetate,schmidt_2016,Schmidt et al. 2016,0.3,3073.1576392738857,F1-F0 ATP Synthase,100.0,atp/s,atp_synthase
sum total,synthesis,['CPLX0-3803'],chemostat_u0.12,schmidt_2016,Schmidt et al. 2016,0.12,10.771297195951158,DNA polymerase III (core enzyme),600.0,bp/s,dnap
sum total,synthesis,['APORNAP-CPLX'],chemostat_u0.12,schmidt_2016,Schmidt et al. 2016,0.12,3394.161633563413,RNA polymerase (core enzyme),20.0,nt/s,rnap
average,synthesis,"['ALAS-MONOMER', 'ARGS-MONOMER', 'ASPS-MONOMER', 'ASNS-MONOMER', 'CYSS-MONOMER', 'GLURS-MONOMER', 'GLNS-MONOMER', 'GLYS-CPLX', 'HISS-MONOMER', 'ILES-MONOMER', 'LEUS-MONOMER', 'LYSS-MONOMER', 'METG-MONOMER', 'PHES-CPLX', 'PROS-MONOMER', 'SERS-MONOMER', 'THRS-MONOMER', 'TRPS-MONOMER', 'TYRS-MONOMER', 'VALS-MONOMER']",chemostat_u0.12,schmidt_2016,Schmidt et al. 2016,0.12,1178.806124917088,tRNA ligase,100.0,AA/s,trna
sum total,transport,"['CPLX-165', 'CPLX-157']",chemostat_u0.12,schmidt_2016,Schmidt et al. 2016,0.12,11623.398319360416,Glucose Transporters,200.0,glucose/s,glucose_tport
sum total,synthesis,['CPLX0-3964'],chemostat_u0.12,schmidt_2016,Schmidt et al. 2016,0.12,5995.908378991958,Ribosome (50S + 30S),20.0,AA/s,ribosome
sum total,energy production,['ATPSYN-CPLX'],chemostat_u0.12,schmidt_2016,Schmidt et al. 2016,0.12,1992.643256936243,F1-F0 ATP Synthase,100.0,atp/s,atp_synthase
sum total,synthesis,['CPLX0-3803'],chemostat_u0.2,schmidt_2016,Schmidt et al. 2016,0.2,12.378028998028244,DNA polymerase III (core enzyme),600.0,bp/s,dnap
sum total,synthesis,['APORNAP-CPLX'],chemostat_u0.2,schmidt_2016,Schmidt et al. 2016,0.2,3807.4499867553495,RNA polymerase (core enzyme),20.0,nt/s,rnap
average,synthesis,"['ALAS-MONOMER', 'ARGS-MONOMER', 'ASPS-MONOMER', 'ASNS-MONOMER', 'CYSS-MONOMER', 'GLURS-MONOMER', 'GLNS-MONOMER', 'GLYS-CPLX', 'HISS-MONOMER', 'ILES-MONOMER', 'LEUS-MONOMER', 'LYSS-MONOMER', 'METG-MONOMER', 'PHES-CPLX', 'PROS-MONOMER', 'SERS-MONOMER', 'THRS-MONOMER', 'TRPS-MONOMER', 'TYRS-MONOMER', 'VALS-MONOMER']",chemostat_u0.2,schmidt_2016,Schmidt et al. 2016,0.2,1306.6721690591323,tRNA ligase,100.0,AA/s,trna
sum total,transport,"['CPLX-165', 'CPLX-157']",chemostat_u0.2,schmidt_2016,Schmidt et al. 2016,0.2,12443.103167453177,Glucose Transporters,200.0,glucose/s,glucose_tport
sum total,synthesis,['CPLX0-3964'],chemostat_u0.2,schmidt_2016,Schmidt et al. 2016,0.2,7129.226604489752,Ribosome (50S + 30S),20.0,AA/s,ribosome
sum total,energy production,['ATPSYN-CPLX'],chemostat_u0.2,schmidt_2016,Schmidt et al. 2016,0.2,2606.095054203085,F1-F0 ATP Synthase,100.0,atp/s,atp_synthase
sum total,synthesis,['CPLX0-3803'],chemostat_u0.35,schmidt_2016,Schmidt et al. 2016,0.35,14.379970184636125,DNA polymerase III (core enzyme),600.0,bp/s,dnap
sum total,synthesis,['APORNAP-CPLX'],chemostat_u0.35,schmidt_2016,Schmidt et al. 2016,0.35,4709.796827129401,RNA polymerase (core enzyme),20.0,nt/s,rnap
average,synthesis,"['ALAS-MONOMER', 'ARGS-MONOMER', 'ASPS-MONOMER', 'ASNS-MONOMER', 'CYSS-MONOMER', 'GLURS-MONOMER', 'GLNS-MONOMER', 'GLYS-CPLX', 'HISS-MONOMER', 'ILES-MONOMER', 'LEUS-MONOMER', 'LYSS-MONOMER', 'METG-MONOMER', 'PHES-CPLX', 'PROS-MONOMER', 'SERS-MONOMER', 'THRS-MONOMER', 'TRPS-MONOMER', 'TYRS-MONOMER', 'VALS-MONOMER']",chemostat_u0.35,schmidt_2016,Schmidt et al. 2016,0.35,1407.478258301423,tRNA ligase,100.0,AA/s,trna
sum total,transport,"['CPLX-165', 'CPLX-157']",chemostat_u0.35,schmidt_2016,Schmidt et al. 2016,0.35,14217.523481928481,Glucose Transporters,200.0,glucose/s,glucose_tport
sum total,synthesis,['CPLX0-3964'],chemostat_u0.35,schmidt_2016,Schmidt et al. 2016,0.35,9335.235937013606,Ribosome (50S + 30S),20.0,AA/s,ribosome
sum total,energy production,['ATPSYN-CPLX'],chemostat_u0.35,schmidt_2016,Schmidt et al. 2016,0.35,3543.2653598039583,F1-F0 ATP Synthase,100.0,atp/s,atp_synthase
sum total,synthesis,['CPLX0-3803'],chemostat_u0.5,schmidt_2016,Schmidt et al. 2016,0.5,18.9527089092876,DNA polymerase III (core enzyme),600.0,bp/s,dnap
sum total,synthesis,['APORNAP-CPLX'],chemostat_u0.5,schmidt_2016,Schmidt et al. 2016,0.5,5834.2744076620465,RNA polymerase (core enzyme),20.0,nt/s,rnap
average,synthesis,"['ALAS-MONOMER', 'ARGS-MONOMER', 'ASPS-MONOMER', 'ASNS-MONOMER', 'CYSS-MONOMER', 'GLURS-MONOMER', 'GLNS-MONOMER', 'GLYS-CPLX', 'HISS-MONOMER', 'ILES-MONOMER', 'LEUS-MONOMER', 'LYSS-MONOMER', 'METG-MONOMER', 'PHES-CPLX', 'PROS-MONOMER', 'SERS-MONOMER', 'THRS-MONOMER', 'TRPS-MONOMER', 'TYRS-MONOMER', 'VALS-MONOMER']",chemostat_u0.5,schmidt_2016,Schmidt et al. 2016,0.5,1712.6532837568789,tRNA ligase,100.0,AA/s,trna
sum total,transport,"['CPLX-165', 'CPLX-157']",chemostat_u0.5,schmidt_2016,Schmidt et al. 2016,0.5,16904.047519712767,Glucose Transporters,200.0,glucose/s,glucose_tport
sum total,synthesis,['CPLX0-3964'],chemostat_u0.5,schmidt_2016,Schmidt et al. 2016,0.5,14675.571260087092,Ribosome (50S + 30S),20.0,AA/s,ribosome
sum total,energy production,['ATPSYN-CPLX'],chemostat_u0.5,schmidt_2016,Schmidt et al. 2016,0.5,4576.853491850204,F1-F0 ATP Synthase,100.0,atp/s,atp_synthase
sum total,synthesis,['CPLX0-3803'],fructose,schmidt_2016,Schmidt et al. 2016,0.65,23.240715027402214,DNA polymerase III (core enzyme),600.0,bp/s,dnap
sum total,synthesis,['APORNAP-CPLX'],fructose,schmidt_2016,Schmidt et al. 2016,0.65,5752.921525769781,RNA polymerase (core enzyme),20.0,nt/s,rnap
average,synthesis,"['ALAS-MONOMER', 'ARGS-MONOMER', 'ASPS-MONOMER', 'ASNS-MONOMER', 'CYSS-MONOMER', 'GLURS-MONOMER', 'GLNS-MONOMER', 'GLYS-CPLX', 'HISS-MONOMER', 'ILES-MONOMER', 'LEUS-MONOMER', 'LYSS-MONOMER', 'METG-MONOMER', 'PHES-CPLX', 'PROS-MONOMER', 'SERS-MONOMER', 'THRS-MONOMER', 'TRPS-MONOMER', 'TYRS-MONOMER', 'VALS-MONOMER']",fructose,schmidt_2016,Schmidt et al. 2016,0.65,1970.4735787994352,tRNA ligase,100.0,AA/s,trna
sum total,transport,"['CPLX-165', 'CPLX-157']",fructose,schmidt_2016,Schmidt et al. 2016,0.65,16774.593288648288,Glucose Transporters,200.0,glucose/s,glucose_tport
sum total,synthesis,['CPLX0-3964'],fructose,schmidt_2016,Schmidt et al. 2016,0.65,22598.827886479292,Ribosome (50S + 30S),20.0,AA/s,ribosome
sum total,energy production,['ATPSYN-CPLX'],fructose,schmidt_2016,Schmidt et al. 2016,0.65,5954.154678213014,F1-F0 ATP Synthase,100.0,atp/s,atp_synthase
sum total,synthesis,['CPLX0-3803'],fumarate,schmidt_2016,Schmidt et al. 2016,0.42,19.716665907278408,DNA polymerase III (core enzyme),600.0,bp/s,dnap
sum total,synthesis,['APORNAP-CPLX'],fumarate,schmidt_2016,Schmidt et al. 2016,0.42,3978.191745925456,RNA polymerase (core enzyme),20.0,nt/s,rnap
average,synthesis,"['ALAS-MONOMER', 'ARGS-MONOMER', 'ASPS-MONOMER', 'ASNS-MONOMER', 'CYSS-MONOMER', 'GLURS-MONOMER', 'GLNS-MONOMER', 'GLYS-CPLX', 'HISS-MONOMER', 'ILES-MONOMER', 'LEUS-MONOMER', 'LYSS-MONOMER', 'METG-MONOMER', 'PHES-CPLX', 'PROS-MONOMER', 'SERS-MONOMER', 'THRS-MONOMER', 'TRPS-MONOMER', 'TYRS-MONOMER', 'VALS-MONOMER']",fumarate,schmidt_2016,Schmidt et al. 2016,0.42,1321.4336217064224,tRNA ligase,100.0,AA/s,trna
sum total,transport,"['CPLX-165', 'CPLX-157']",fumarate,schmidt_2016,Schmidt et al. 2016,0.42,10330.471973974443,Glucose Transporters,200.0,glucose/s,glucose_tport
sum total,synthesis,['CPLX0-3964'],fumarate,schmidt_2016,Schmidt et al. 2016,0.42,12678.113357348198,Ribosome (50S + 30S),20.0,AA/s,ribosome
sum total,energy production,['ATPSYN-CPLX'],fumarate,schmidt_2016,Schmidt et al. 2016,0.42,4863.537794649327,F1-F0 ATP Synthase,100.0,atp/s,atp_synthase
sum total,synthesis,['CPLX0-3803'],galactose,schmidt_2016,Schmidt et al. 2016,0.26,16.342598192264486,DNA polymerase III (core enzyme),600.0,bp/s,dnap
sum total,synthesis,['APORNAP-CPLX'],galactose,schmidt_2016,Schmidt et al. 2016,0.26,3033.2601865126817,RNA polymerase (core enzyme),20.0,nt/s,rnap
average,synthesis,"['ALAS-MONOMER', 'ARGS-MONOMER', 'ASPS-MONOMER', 'ASNS-MONOMER', 'CYSS-MONOMER', 'GLURS-MONOMER', 'GLNS-MONOMER', 'GLYS-CPLX', 'HISS-MONOMER', 'ILES-MONOMER', 'LEUS-MONOMER', 'LYSS-MONOMER', 'METG-MONOMER', 'PHES-CPLX', 'PROS-MONOMER', 'SERS-MONOMER', 'THRS-MONOMER', 'TRPS-MONOMER', 'TYRS-MONOMER', 'VALS-MONOMER']",galactose,schmidt_2016,Schmidt et al. 2016,0.26,1130.2483718201652,tRNA ligase,100.0,AA/s,trna
sum total,transport,"['CPLX-165', 'CPLX-157']",galactose,schmidt_2016,Schmidt et al. 2016,0.26,11623.847656539016,Glucose Transporters,200.0,glucose/s,glucose_tport
sum total,synthesis,['CPLX0-3964'],galactose,schmidt_2016,Schmidt et al. 2016,0.26,8978.167751605495,Ribosome (50S + 30S),20.0,AA/s,ribosome
sum total,energy production,['ATPSYN-CPLX'],galactose,schmidt_2016,Schmidt et al. 2016,0.26,3031.574540284194,F1-F0 ATP Synthase,100.0,atp/s,atp_synthase
sum total,synthesis,['CPLX0-3803'],glucosamine,schmidt_2016,Schmidt et al. 2016,0.46,20.046283985196045,DNA polymerase III (core enzyme),600.0,bp/s,dnap
sum total,synthesis,['APORNAP-CPLX'],glucosamine,schmidt_2016,Schmidt et al. 2016,0.46,4317.771011560356,RNA polymerase (core enzyme),20.0,nt/s,rnap
average,synthesis,"['ALAS-MONOMER', 'ARGS-MONOMER', 'ASPS-MONOMER', 'ASNS-MONOMER', 'CYSS-MONOMER', 'GLURS-MONOMER', 'GLNS-MONOMER', 'GLYS-CPLX', 'HISS-MONOMER', 'ILES-MONOMER', 'LEUS-MONOMER', 'LYSS-MONOMER', 'METG-MONOMER', 'PHES-CPLX', 'PROS-MONOMER', 'SERS-MONOMER', 'THRS-MONOMER', 'TRPS-MONOMER', 'TYRS-MONOMER', 'VALS-MONOMER']",glucosamine,schmidt_2016,Schmidt et al. 2016,0.46,1411.5698307554003,tRNA ligase,100.0,AA/s,trna
sum total,transport,"['CPLX-165', 'CPLX-157']",glucosamine,schmidt_2016,Schmidt et al. 2016,0.46,15565.228918617187,Glucose Transporters,200.0,glucose/s,glucose_tport
sum total,synthesis,['CPLX0-3964'],glucosamine,schmidt_2016,Schmidt et al. 2016,0.46,15002.883609468336,Ribosome (50S + 30S),20.0,AA/s,ribosome
sum total,energy production,['ATPSYN-CPLX'],glucosamine,schmidt_2016,Schmidt et al. 2016,0.46,5085.943299214009,F1-F0 ATP Synthase,100.0,atp/s,atp_synthase
sum total,synthesis,['CPLX0-3803'],glucose,schmidt_2016,Schmidt et al. 2016,0.58,24.964285714285715,DNA polymerase III (core enzyme),600.0,bp/s,dnap
sum total,synthesis,['APORNAP-CPLX'],glucose,schmidt_2016,Schmidt et al. 2016,0.58,4674.5,RNA polymerase (core enzyme),20.0,nt/s,rnap
average,synthesis,"['ALAS-MONOMER', 'ARGS-MONOMER', 'ASPS-MONOMER', 'ASNS-MONOMER', 'CYSS-MONOMER', 'GLURS-MONOMER', 'GLNS-MONOMER', 'GLYS-CPLX', 'HISS-MONOMER', 'ILES-MONOMER', 'LEUS-MONOMER', 'LYSS-MONOMER', 'METG-MONOMER', 'PHES-CPLX', 'PROS-MONOMER', 'SERS-MONOMER', 'THRS-MONOMER', 'TRPS-MONOMER', 'TYRS-MONOMER', 'VALS-MONOMER']",glucose,schmidt_2016,Schmidt et al. 2016,0.58,1834.375,tRNA ligase,100.0,AA/s,trna
sum total,transport,"['CPLX-165', 'CPLX-157']",glucose,schmidt_2016,Schmidt et al. 2016,0.58,17822.75,Glucose Transporters,200.0,glucose/s,glucose_tport
sum total,synthesis,['CPLX0-3964'],glucose,schmidt_2016,Schmidt et al. 2016,0.58,20656.3,Ribosome (50S + 30S),20.0,AA/s,ribosome
sum total,energy production,['ATPSYN-CPLX'],glucose,schmidt_2016,Schmidt et al. 2016,0.58,4837.408333333334,F1-F0 ATP Synthase,100.0,atp/s,atp_synthase
sum total,synthesis,['CPLX0-3803'],glycerol,schmidt_2016,Schmidt et al. 2016,0.47,20.55410026303258,DNA polymerase III (core enzyme),600.0,bp/s,dnap
sum total,synthesis,['APORNAP-CPLX'],glycerol,schmidt_2016,Schmidt et al. 2016,0.47,4456.148042308433,RNA polymerase (core enzyme),20.0,nt/s,rnap
average,synthesis,"['ALAS-MONOMER', 'ARGS-MONOMER', 'ASPS-MONOMER', 'ASNS-MONOMER', 'CYSS-MONOMER', 'GLURS-MONOMER', 'GLNS-MONOMER', 'GLYS-CPLX', 'HISS-MONOMER', 'ILES-MONOMER', 'LEUS-MONOMER', 'LYSS-MONOMER', 'METG-MONOMER', 'PHES-CPLX', 'PROS-MONOMER', 'SERS-MONOMER', 'THRS-MONOMER', 'TRPS-MONOMER', 'TYRS-MONOMER', 'VALS-MONOMER']",glycerol,schmidt_2016,Schmidt et al. 2016,0.47,1505.854522175274,tRNA ligase,100.0,AA/s,trna
sum total,transport,"['CPLX-165', 'CPLX-157']",glycerol,schmidt_2016,Schmidt et al. 2016,0.47,12498.676119667774,Glucose Transporters,200.0,glucose/s,glucose_tport
sum total,synthesis,['CPLX0-3964'],glycerol,schmidt_2016,Schmidt et al. 2016,0.47,15727.07815189804,Ribosome (50S + 30S),20.0,AA/s,ribosome
sum total,energy production,['ATPSYN-CPLX'],glycerol,schmidt_2016,Schmidt et al. 2016,0.47,5289.369235349237,F1-F0 ATP Synthase,100.0,atp/s,atp_synthase
sum total,synthesis,['CPLX0-3803'],glycerol_pAA,schmidt_2016,Schmidt et al. 2016,1.27,53.3963018055659,DNA polymerase III (core enzyme),600.0,bp/s,dnap
sum total,synthesis,['APORNAP-CPLX'],glycerol_pAA,schmidt_2016,Schmidt et al. 2016,1.27,11817.065183029152,RNA polymerase (core enzyme),20.0,nt/s,rnap
average,synthesis,"['ALAS-MONOMER', 'ARGS-MONOMER', 'ASPS-MONOMER', 'ASNS-MONOMER', 'CYSS-MONOMER', 'GLURS-MONOMER', 'GLNS-MONOMER', 'GLYS-CPLX', 'HISS-MONOMER', 'ILES-MONOMER', 'LEUS-MONOMER', 'LYSS-MONOMER', 'METG-MONOMER', 'PHES-CPLX', 'PROS-MONOMER', 'SERS-MONOMER', 'THRS-MONOMER', 'TRPS-MONOMER', 'TYRS-MONOMER', 'VALS-MONOMER']",glycerol_pAA,schmidt_2016,Schmidt et al. 2016,1.27,3593.7175889262116,tRNA ligase,100.0,AA/s,trna
sum total,transport,"['CPLX-165', 'CPLX-157']",glycerol_pAA,schmidt_2016,Schmidt et al. 2016,1.27,22340.230833388254,Glucose Transporters,200.0,glucose/s,glucose_tport
sum total,synthesis,['CPLX0-3964'],glycerol_pAA,schmidt_2016,Schmidt et al. 2016,1.27,55333.47792950701,Ribosome (50S + 30S),20.0,AA/s,ribosome
sum total,energy production,['ATPSYN-CPLX'],glycerol_pAA,schmidt_2016,Schmidt et al. 2016,1.27,16079.283216235599,F1-F0 ATP Synthase,100.0,atp/s,atp_synthase
sum total,synthesis,['CPLX0-3803'],lb_miller,schmidt_2016,Schmidt et al. 2016,1.9,114.5712972691973,DNA polymerase III (core enzyme),600.0,bp/s,dnap
sum total,synthesis,['APORNAP-CPLX'],lb_miller,schmidt_2016,Schmidt et al. 2016,1.9,31709.112972064777,RNA polymerase (core enzyme),20.0,nt/s,rnap
average,synthesis,"['ALAS-MONOMER', 'ARGS-MONOMER', 'ASPS-MONOMER', 'ASNS-MONOMER', 'CYSS-MONOMER', 'GLURS-MONOMER', 'GLNS-MONOMER', 'GLYS-CPLX', 'HISS-MONOMER', 'ILES-MONOMER', 'LEUS-MONOMER', 'LYSS-MONOMER', 'METG-MONOMER', 'PHES-CPLX', 'PROS-MONOMER', 'SERS-MONOMER', 'THRS-MONOMER', 'TRPS-MONOMER', 'TYRS-MONOMER', 'VALS-MONOMER']",lb_miller,schmidt_2016,Schmidt et al. 2016,1.9,8656.593503209766,tRNA ligase,100.0,AA/s,trna
sum total,transport,"['CPLX-165', 'CPLX-157']",lb_miller,schmidt_2016,Schmidt et al. 2016,1.9,38156.17494463473,Glucose Transporters,200.0,glucose/s,glucose_tport
sum total,synthesis,['CPLX0-3964'],lb_miller,schmidt_2016,Schmidt et al. 2016,1.9,149856.79540002154,Ribosome (50S + 30S),20.0,AA/s,ribosome
sum total,energy production,['ATPSYN-CPLX'],lb_miller,schmidt_2016,Schmidt et al. 2016,1.9,21975.296176971173,F1-F0 ATP Synthase,100.0,atp/s,atp_synthase
sum total,synthesis,['CPLX0-3803'],mannose,schmidt_2016,Schmidt et al. 2016,0.47,19.480162844321995,DNA polymerase III (core enzyme),600.0,bp/s,dnap
sum total,synthesis,['APORNAP-CPLX'],mannose,schmidt_2016,Schmidt et al. 2016,0.47,4225.205244691454,RNA polymerase (core enzyme),20.0,nt/s,rnap
average,synthesis,"['ALAS-MONOMER', 'ARGS-MONOMER', 'ASPS-MONOMER', 'ASNS-MONOMER', 'CYSS-MONOMER', 'GLURS-MONOMER', 'GLNS-MONOMER', 'GLYS-CPLX', 'HISS-MONOMER', 'ILES-MONOMER', 'LEUS-MONOMER', 'LYSS-MONOMER', 'METG-MONOMER', 'PHES-CPLX', 'PROS-MONOMER', 'SERS-MONOMER', 'THRS-MONOMER', 'TRPS-MONOMER', 'TYRS-MONOMER', 'VALS-MONOMER']",mannose,schmidt_2016,Schmidt et al. 2016,0.47,1507.1368721079034,tRNA ligase,100.0,AA/s,trna
sum total,transport,"['CPLX-165', 'CPLX-157']",mannose,schmidt_2016,Schmidt et al. 2016,0.47,12894.486110129965,Glucose Transporters,200.0,glucose/s,glucose_tport
sum total,synthesis,['CPLX0-3964'],mannose,schmidt_2016,Schmidt et al. 2016,0.47,13578.721169903485,Ribosome (50S + 30S),20.0,AA/s,ribosome
sum total,energy production,['ATPSYN-CPLX'],mannose,schmidt_2016,Schmidt et al. 2016,0.47,4920.854027856496,F1-F0 ATP Synthase,100.0,atp/s,atp_synthase
sum total,synthesis,['CPLX0-3803'],osmotic_stress_glucose,schmidt_2016,Schmidt et al. 2016,0.55,24.111039314825724,DNA polymerase III (core enzyme),600.0,bp/s,dnap
sum total,synthesis,['APORNAP-CPLX'],osmotic_stress_glucose,schmidt_2016,Schmidt et al. 2016,0.55,4381.635551590248,RNA polymerase (core enzyme),20.0,nt/s,rnap
average,synthesis,"['ALAS-MONOMER', 'ARGS-MONOMER', 'ASPS-MONOMER', 'ASNS-MONOMER', 'CYSS-MONOMER', 'GLURS-MONOMER', 'GLNS-MONOMER', 'GLYS-CPLX', 'HISS-MONOMER', 'ILES-MONOMER', 'LEUS-MONOMER', 'LYSS-MONOMER', 'METG-MONOMER', 'PHES-CPLX', 'PROS-MONOMER', 'SERS-MONOMER', 'THRS-MONOMER', 'TRPS-MONOMER', 'TYRS-MONOMER', 'VALS-MONOMER']",osmotic_stress_glucose,schmidt_2016,Schmidt et al. 2016,0.55,1232.3041851173757,tRNA ligase,100.0,AA/s,trna
sum total,transport,"['CPLX-165', 'CPLX-157']",osmotic_stress_glucose,schmidt_2016,Schmidt et al. 2016,0.55,17530.322028493112,Glucose Transporters,200.0,glucose/s,glucose_tport
sum total,synthesis,['CPLX0-3964'],osmotic_stress_glucose,schmidt_2016,Schmidt et al. 2016,0.55,18308.24527930357,Ribosome (50S + 30S),20.0,AA/s,ribosome
sum total,energy production,['ATPSYN-CPLX'],osmotic_stress_glucose,schmidt_2016,Schmidt et al. 2016,0.55,3649.327881510593,F1-F0 ATP Synthase,100.0,atp/s,atp_synthase
sum total,synthesis,['CPLX0-3803'],pH6,schmidt_2016,Schmidt et al. 2016,0.63,24.033936240869018,DNA polymerase III (core enzyme),600.0,bp/s,dnap
sum total,synthesis,['APORNAP-CPLX'],pH6,schmidt_2016,Schmidt et al. 2016,0.63,4904.069208259877,RNA polymerase (core enzyme),20.0,nt/s,rnap
average,synthesis,"['ALAS-MONOMER', 'ARGS-MONOMER', 'ASPS-MONOMER', 'ASNS-MONOMER', 'CYSS-MONOMER', 'GLURS-MONOMER', 'GLNS-MONOMER', 'GLYS-CPLX', 'HISS-MONOMER', 'ILES-MONOMER', 'LEUS-MONOMER', 'LYSS-MONOMER', 'METG-MONOMER', 'PHES-CPLX', 'PROS-MONOMER', 'SERS-MONOMER', 'THRS-MONOMER', 'TRPS-MONOMER', 'TYRS-MONOMER', 'VALS-MONOMER']",pH6,schmidt_2016,Schmidt et al. 2016,0.63,1530.3983860043768,tRNA ligase,100.0,AA/s,trna
sum total,transport,"['CPLX-165', 'CPLX-157']",pH6,schmidt_2016,Schmidt et al. 2016,0.63,17492.480439310304,Glucose Transporters,200.0,glucose/s,glucose_tport
sum total,synthesis,['CPLX0-3964'],pH6,schmidt_2016,Schmidt et al. 2016,0.63,20063.018500320813,Ribosome (50S + 30S),20.0,AA/s,ribosome
sum total,energy production,['ATPSYN-CPLX'],pH6,schmidt_2016,Schmidt et al. 2016,0.63,3332.558890376809,F1-F0 ATP Synthase,100.0,atp/s,atp_synthase
sum total,synthesis,['CPLX0-3803'],pyruvate,schmidt_2016,Schmidt et al. 2016,0.4,18.456836585811836,DNA polymerase III (core enzyme),600.0,bp/s,dnap
sum total,synthesis,['APORNAP-CPLX'],pyruvate,schmidt_2016,Schmidt et al. 2016,0.4,4019.60979426977,RNA polymerase (core enzyme),20.0,nt/s,rnap
average,synthesis,"['ALAS-MONOMER', 'ARGS-MONOMER', 'ASPS-MONOMER', 'ASNS-MONOMER', 'CYSS-MONOMER', 'GLURS-MONOMER', 'GLNS-MONOMER', 'GLYS-CPLX', 'HISS-MONOMER', 'ILES-MONOMER', 'LEUS-MONOMER', 'LYSS-MONOMER', 'METG-MONOMER', 'PHES-CPLX', 'PROS-MONOMER', 'SERS-MONOMER', 'THRS-MONOMER', 'TRPS-MONOMER', 'TYRS-MONOMER', 'VALS-MONOMER']",pyruvate,schmidt_2016,Schmidt et al. 2016,0.4,1434.7585963473653,tRNA ligase,100.0,AA/s,trna
sum total,transport,"['CPLX-165', 'CPLX-157']",pyruvate,schmidt_2016,Schmidt et al. 2016,0.4,9925.175535879991,Glucose Transporters,200.0,glucose/s,glucose_tport
sum total,synthesis,['CPLX0-3964'],pyruvate,schmidt_2016,Schmidt et al. 2016,0.4,11382.399114645988,Ribosome (50S + 30S),20.0,AA/s,ribosome
sum total,energy production,['ATPSYN-CPLX'],pyruvate,schmidt_2016,Schmidt et al. 2016,0.4,5874.032073037329,F1-F0 ATP Synthase,100.0,atp/s,atp_synthase
sum total,synthesis,['CPLX0-3803'],succinate,schmidt_2016,Schmidt et al. 2016,0.44,15.734014066270646,DNA polymerase III (core enzyme),600.0,bp/s,dnap
sum total,synthesis,['APORNAP-CPLX'],succinate,schmidt_2016,Schmidt et al. 2016,0.44,3827.980098905986,RNA polymerase (core enzyme),20.0,nt/s,rnap
average,synthesis,"['ALAS-MONOMER', 'ARGS-MONOMER', 'ASPS-MONOMER', 'ASNS-MONOMER', 'CYSS-MONOMER', 'GLURS-MONOMER', 'GLNS-MONOMER', 'GLYS-CPLX', 'HISS-MONOMER', 'ILES-MONOMER', 'LEUS-MONOMER', 'LYSS-MONOMER', 'METG-MONOMER', 'PHES-CPLX', 'PROS-MONOMER', 'SERS-MONOMER', 'THRS-MONOMER', 'TRPS-MONOMER', 'TYRS-MONOMER', 'VALS-MONOMER']",succinate,schmidt_2016,Schmidt et al. 2016,0.44,1367.0401260431693,tRNA ligase,100.0,AA/s,trna
sum total,transport,"['CPLX-165', 'CPLX-157']",succinate,schmidt_2016,Schmidt et al. 2016,0.44,9770.32661759342,Glucose Transporters,200.0,glucose/s,glucose_tport
sum total,synthesis,['CPLX0-3964'],succinate,schmidt_2016,Schmidt et al. 2016,0.44,14071.229886314337,Ribosome (50S + 30S),20.0,AA/s,ribosome
sum total,energy production,['ATPSYN-CPLX'],succinate,schmidt_2016,Schmidt et al. 2016,0.44,5245.27378389005,F1-F0 ATP Synthase,100.0,atp/s,atp_synthase
sum total,synthesis,['CPLX0-3803'],xylose,schmidt_2016,Schmidt et al. 2016,0.55,26.28444980561964,DNA polymerase III (core enzyme),600.0,bp/s,dnap
sum total,synthesis,['APORNAP-CPLX'],xylose,schmidt_2016,Schmidt et al. 2016,0.55,4980.750558161583,RNA polymerase (core enzyme),20.0,nt/s,rnap
average,synthesis,"['ALAS-MONOMER', 'ARGS-MONOMER', 'ASPS-MONOMER', 'ASNS-MONOMER', 'CYSS-MONOMER', 'GLURS-MONOMER', 'GLNS-MONOMER', 'GLYS-CPLX', 'HISS-MONOMER', 'ILES-MONOMER', 'LEUS-MONOMER', 'LYSS-MONOMER', 'METG-MONOMER', 'PHES-CPLX', 'PROS-MONOMER', 'SERS-MONOMER', 'THRS-MONOMER', 'TRPS-MONOMER', 'TYRS-MONOMER', 'VALS-MONOMER']",xylose,schmidt_2016,Schmidt et al. 2016,0.55,1578.2297052856845,tRNA ligase,100.0,AA/s,trna
sum total,transport,"['CPLX-165', 'CPLX-157']",xylose,schmidt_2016,Schmidt et al. 2016,0.55,12133.303696128965,Glucose Transporters,200.0,glucose/s,glucose_tport
sum total,synthesis,['CPLX0-3964'],xylose,schmidt_2016,Schmidt et al. 2016,0.55,19199.012234658567,Ribosome (50S + 30S),20.0,AA/s,ribosome
sum total,energy production,['ATPSYN-CPLX'],xylose,schmidt_2016,Schmidt et al. 2016,0.55,5028.4706932052395,F1-F0 ATP Synthase,100.0,atp/s,atp_synthase
sum total,synthesis,['CPLX0-3803'],glucose_minimal,valgepea_2013,Valgepea et al. 2013,0.11,59.81274789827409,DNA polymerase III (core enzyme),600.0,bp/s,dnap
sum total,synthesis,['APORNAP-CPLX'],glucose_minimal,valgepea_2013,Valgepea et al. 2013,0.11,2873.598396323568,RNA polymerase (core enzyme),20.0,nt/s,rnap
average,synthesis,"['ALAS-MONOMER', 'ARGS-MONOMER', 'ASPS-MONOMER', 'ASNS-MONOMER', 'CYSS-MONOMER', 'GLURS-MONOMER', 'GLNS-MONOMER', 'GLYS-CPLX', 'HISS-MONOMER', 'ILES-MONOMER', 'LEUS-MONOMER', 'LYSS-MONOMER', 'METG-MONOMER', 'PHES-CPLX', 'PROS-MONOMER', 'SERS-MONOMER', 'THRS-MONOMER', 'TRPS-MONOMER', 'TYRS-MONOMER', 'VALS-MONOMER']",glucose_minimal,valgepea_2013,Valgepea et al. 2013,0.11,533.3033927470439,tRNA ligase,100.0,AA/s,trna
sum total,transport,"['CPLX-165', 'CPLX-157']",glucose_minimal,valgepea_2013,Valgepea et al. 2013,0.11,13845.519545922649,Glucose Transporters,200.0,glucose/s,glucose_tport
sum total,synthesis,['CPLX0-3964'],glucose_minimal,valgepea_2013,Valgepea et al. 2013,0.11,9015.620327391918,Ribosome (50S + 30S),20.0,AA/s,ribosome
sum total,energy production,['ATPSYN-CPLX'],glucose_minimal,valgepea_2013,Valgepea et al. 2013,0.11,2589.9458693537345,F1-F0 ATP Synthase,100.0,atp/s,atp_synthase
sum total,synthesis,['CPLX0-3803'],glucose_minimal,valgepea_2013,Valgepea et al. 2013,0.21,68.34063905637888,DNA polymerase III (core enzyme),600.0,bp/s,dnap
sum total,synthesis,['APORNAP-CPLX'],glucose_minimal,valgepea_2013,Valgepea et al. 2013,0.21,3639.43166094708,RNA polymerase (core enzyme),20.0,nt/s,rnap
average,synthesis,"['ALAS-MONOMER', 'ARGS-MONOMER', 'ASPS-MONOMER', 'ASNS-MONOMER', 'CYSS-MONOMER', 'GLURS-MONOMER', 'GLNS-MONOMER', 'GLYS-CPLX', 'HISS-MONOMER', 'ILES-MONOMER', 'LEUS-MONOMER', 'LYSS-MONOMER', 'METG-MONOMER', 'PHES-CPLX', 'PROS-MONOMER', 'SERS-MONOMER', 'THRS-MONOMER', 'TRPS-MONOMER', 'TYRS-MONOMER', 'VALS-MONOMER']",glucose_minimal,valgepea_2013,Valgepea et al. 2013,0.21,674.10221923859,tRNA ligase,100.0,AA/s,trna
sum total,transport,"['CPLX-165', 'CPLX-157']",glucose_minimal,valgepea_2013,Valgepea et al. 2013,0.21,14535.21655187252,Glucose Transporters,200.0,glucose/s,glucose_tport
sum total,synthesis,['CPLX0-3964'],glucose_minimal,valgepea_2013,Valgepea et al. 2013,0.21,11195.85018798154,Ribosome (50S + 30S),20.0,AA/s,ribosome
sum total,energy production,['ATPSYN-CPLX'],glucose_minimal,valgepea_2013,Valgepea et al. 2013,0.21,3922.0583705566114,F1-F0 ATP Synthase,100.0,atp/s,atp_synthase
sum total,synthesis,['CPLX0-3803'],glucose_minimal,valgepea_2013,Valgepea et al. 2013,0.31,73.12386009827651,DNA polymerase III (core enzyme),600.0,bp/s,dnap
sum total,synthesis,['APORNAP-CPLX'],glucose_minimal,valgepea_2013,Valgepea et al. 2013,0.31,4481.8896639072145,RNA polymerase (core enzyme),20.0,nt/s,rnap
average,synthesis,"['ALAS-MONOMER', 'ARGS-MONOMER', 'ASPS-MONOMER', 'ASNS-MONOMER', 'CYSS-MONOMER', 'GLURS-MONOMER', 'GLNS-MONOMER', 'GLYS-CPLX', 'HISS-MONOMER', 'ILES-MONOMER', 'LEUS-MONOMER', 'LYSS-MONOMER', 'METG-MONOMER', 'PHES-CPLX', 'PROS-MONOMER', 'SERS-MONOMER', 'THRS-MONOMER', 'TRPS-MONOMER', 'TYRS-MONOMER', 'VALS-MONOMER']",glucose_minimal,valgepea_2013,Valgepea et al. 2013,0.31,839.2333698384891,tRNA ligase,100.0,AA/s,trna
sum total,transport,"['CPLX-165', 'CPLX-157']",glucose_minimal,valgepea_2013,Valgepea et al. 2013,0.31,16478.490056834813,Glucose Transporters,200.0,glucose/s,glucose_tport
sum total,synthesis,['CPLX0-3964'],glucose_minimal,valgepea_2013,Valgepea et al. 2013,0.31,14994.160642081839,Ribosome (50S + 30S),20.0,AA/s,ribosome
sum total,energy production,['ATPSYN-CPLX'],glucose_minimal,valgepea_2013,Valgepea et al. 2013,0.31,4721.593355423015,F1-F0 ATP Synthase,100.0,atp/s,atp_synthase
sum total,synthesis,['CPLX0-3803'],glucose_minimal,valgepea_2013,Valgepea et al. 2013,0.4,75.0676321630379,DNA polymerase III (core enzyme),600.0,bp/s,dnap
sum total,synthesis,['APORNAP-CPLX'],glucose_minimal,valgepea_2013,Valgepea et al. 2013,0.4,4789.270055967977,RNA polymerase (core enzyme),20.0,nt/s,rnap
average,synthesis,"['ALAS-MONOMER', 'ARGS-MONOMER', 'ASPS-MONOMER', 'ASNS-MONOMER', 'CYSS-MONOMER', 'GLURS-MONOMER', 'GLNS-MONOMER', 'GLYS-CPLX', 'HISS-MONOMER', 'ILES-MONOMER', 'LEUS-MONOMER', 'LYSS-MONOMER', 'METG-MONOMER', 'PHES-CPLX', 'PROS-MONOMER', 'SERS-MONOMER', 'THRS-MONOMER', 'TRPS-MONOMER', 'TYRS-MONOMER', 'VALS-MONOMER']",glucose_minimal,valgepea_2013,Valgepea et al. 2013,0.4,1039.8774286018966,tRNA ligase,100.0,AA/s,trna
sum total,transport,"['CPLX-165', 'CPLX-157']",glucose_minimal,valgepea_2013,Valgepea et al. 2013,0.4,16560.37838795653,Glucose Transporters,200.0,glucose/s,glucose_tport
sum total,synthesis,['CPLX0-3964'],glucose_minimal,valgepea_2013,Valgepea et al. 2013,0.4,19108.488492785098,Ribosome (50S + 30S),20.0,AA/s,ribosome
sum total,energy production,['ATPSYN-CPLX'],glucose_minimal,valgepea_2013,Valgepea et al. 2013,0.4,4841.237611205388,F1-F0 ATP Synthase,100.0,atp/s,atp_synthase
sum total,synthesis,['CPLX0-3803'],glucose_minimal,valgepea_2013,Valgepea et al. 2013,0.49,81.025,DNA polymerase III (core enzyme),600.0,bp/s,dnap
sum total,synthesis,['APORNAP-CPLX'],glucose_minimal,valgepea_2013,Valgepea et al. 2013,0.49,5745.0,RNA polymerase (core enzyme),20.0,nt/s,rnap
average,synthesis,"['ALAS-MONOMER', 'ARGS-MONOMER', 'ASPS-MONOMER', 'ASNS-MONOMER', 'CYSS-MONOMER', 'GLURS-MONOMER', 'GLNS-MONOMER', 'GLYS-CPLX', 'HISS-MONOMER', 'ILES-MONOMER', 'LEUS-MONOMER', 'LYSS-MONOMER', 'METG-MONOMER', 'PHES-CPLX', 'PROS-MONOMER', 'SERS-MONOMER', 'THRS-MONOMER', 'TRPS-MONOMER', 'TYRS-MONOMER', 'VALS-MONOMER']",glucose_minimal,valgepea_2013,Valgepea et al. 2013,0.49,1331.75,tRNA ligase,100.0,AA/s,trna
sum total,transport,"['CPLX-165', 'CPLX-157']",glucose_minimal,valgepea_2013,Valgepea et al. 2013,0.49,14557.25,Glucose Transporters,200.0,glucose/s,glucose_tport
sum total,synthesis,['CPLX0-3964'],glucose_minimal,valgepea_2013,Valgepea et al. 2013,0.49,24236.29326923077,Ribosome (50S + 30S),20.0,AA/s,ribosome
sum total,energy production,['ATPSYN-CPLX'],glucose_minimal,valgepea_2013,Valgepea et al. 2013,0.49,4918.583333333333,F1-F0 ATP Synthase,100.0,atp/s,atp_synthase
