frac_count,frac_mass,group,condition,growth_rate_hr,cog_class
0.026017587812274954,0.027771349006355445,"Cell cycle control, cell division, chromosome partitioning",42C,0.66,Cellular Processes and Signaling
0.0039537077420859915,0.000969885772946566,Cell motility,42C,0.66,Cellular Processes and Signaling
0.352609264537331,0.3487051205830384,Cell wall/membrane/envelope biogenesis,42C,0.66,Cellular Processes and Signaling
0.0020143826515604873,0.0036786290552028333,Defense mechanisms,42C,0.66,Cellular Processes and Signaling
0.03685630534227262,0.029464226915561224,"Intracellular trafficking, secretion, and vesicular transport",42C,0.66,Cellular Processes and Signaling
0.4901370307634571,0.5261786290242763,"Posttranslational modification, protein turnover, chaperones",42C,0.66,Cellular Processes and Signaling
0.08841172115101784,0.06323215964261931,Signal transduction mechanisms,42C,0.66,Cellular Processes and Signaling
0.00039254091937902233,0.0003635036582029328,RNA processing and modification,42C,0.66,Information Storage and Processing
0.08668126731484442,0.05147650815638329,"Replication, recombination and repair",42C,0.66,Information Storage and Processing
0.07072362559226243,0.08741307989701251,Transcription,42C,0.66,Information Storage and Processing
0.8422025661735141,0.8607469082884015,"Translation, ribosomal structure and biogenesis",42C,0.66,Information Storage and Processing
0.2886209987882907,0.33153735618204194,Amino acid transport and metabolism,42C,0.66,Metabolism
0.21842625340374064,0.20097981822918165,Carbohydrate transport and metabolism,42C,0.66,Metabolism
0.05831798203450912,0.050469609515707885,Coenzyme transport and metabolism,42C,0.66,Metabolism
0.22752357467661669,0.25793896039226377,Energy production and conversion,42C,0.66,Metabolism
0.05823917621651591,0.051838162950476364,Inorganic ion transport and metabolism,42C,0.66,Metabolism
0.06107674457078215,0.03458775249146027,Lipid transport and metabolism,42C,0.66,Metabolism
0.08137734684843796,0.0680758722008157,Nucleotide transport and metabolism,42C,0.66,Metabolism
0.006417923461106814,0.004572468038052379,"Secondary metabolites biosynthesis, transport and catabolism",42C,0.66,Metabolism
1.0,1.0,Not Assigned,42C,0.66,Not Assigned
0.6856721869887726,0.5506766498830223,Function unknown,42C,0.66,Poorly Characterized
0.3143278130112274,0.4493233501169776,General function prediction only,42C,0.66,Poorly Characterized
0.02548467619572408,0.02861959775938926,"Cell cycle control, cell division, chromosome partitioning",acetate,0.3,Cellular Processes and Signaling
0.002890926343743931,0.000753621192642824,Cell motility,acetate,0.3,Cellular Processes and Signaling
0.41637075854054795,0.4528254358125232,Cell wall/membrane/envelope biogenesis,acetate,0.3,Cellular Processes and Signaling
0.002055699672066957,0.003636013764570756,Defense mechanisms,acetate,0.3,Cellular Processes and Signaling
0.03788518712077314,0.03121329993578934,"Intracellular trafficking, secretion, and vesicular transport",acetate,0.3,Cellular Processes and Signaling
0.38672573777040264,0.38663828388011523,"Posttranslational modification, protein turnover, chaperones",acetate,0.3,Cellular Processes and Signaling
0.12858701435674125,0.09631374765496949,Signal transduction mechanisms,acetate,0.3,Cellular Processes and Signaling
0.0003718836250860659,0.00033170574211140516,RNA processing and modification,acetate,0.3,Information Storage and Processing
0.12015688162263578,0.06475414830418384,"Replication, recombination and repair",acetate,0.3,Information Storage and Processing
0.10505663087245674,0.10786700889215191,Transcription,acetate,0.3,Information Storage and Processing
0.7744146038798214,0.8270471370615526,"Translation, ribosomal structure and biogenesis",acetate,0.3,Information Storage and Processing
0.19864141081274336,0.2166454622150591,Amino acid transport and metabolism,acetate,0.3,Metabolism
0.21134891435085504,0.17053279774014837,Carbohydrate transport and metabolism,acetate,0.3,Metabolism
0.030355798676592036,0.024883117775605496,Coenzyme transport and metabolism,acetate,0.3,Metabolism
0.40111449089457396,0.4633672806383456,Energy production and conversion,acetate,0.3,Metabolism
0.05591872680523652,0.04470685014156755,Inorganic ion transport and metabolism,acetate,0.3,Metabolism
0.03543080435927339,0.02956112747224843,Lipid transport and metabolism,acetate,0.3,Metabolism
0.06259630574310625,0.04704896868176779,Nucleotide transport and metabolism,acetate,0.3,Metabolism
0.004593548357619419,0.0032543953352575754,"Secondary metabolites biosynthesis, transport and catabolism",acetate,0.3,Metabolism
1.0,1.0,Not Assigned,acetate,0.3,Not Assigned
0.682347101762976,0.5437515917505268,Function unknown,acetate,0.3,Poorly Characterized
0.317652898237024,0.45624840824947305,General function prediction only,acetate,0.3,Poorly Characterized
0.027407370505063925,0.030502852798857352,"Cell cycle control, cell division, chromosome partitioning",chemostat_u0.12,0.12,Cellular Processes and Signaling
0.0026698845510184123,0.0007334017262246549,Cell motility,chemostat_u0.12,0.12,Cellular Processes and Signaling
0.4088650499749987,0.44039168898961917,Cell wall/membrane/envelope biogenesis,chemostat_u0.12,0.12,Cellular Processes and Signaling
0.0022639587727018603,0.004660106346833544,Defense mechanisms,chemostat_u0.12,0.12,Cellular Processes and Signaling
0.036664323367855474,0.03431080451513397,"Intracellular trafficking, secretion, and vesicular transport",chemostat_u0.12,0.12,Cellular Processes and Signaling
0.3458321570711348,0.3454965614436464,"Posttranslational modification, protein turnover, chaperones",chemostat_u0.12,0.12,Cellular Processes and Signaling
0.17629725575722685,0.14390458417968485,Signal transduction mechanisms,chemostat_u0.12,0.12,Cellular Processes and Signaling
0.00028014429349911734,0.00024361316206054757,RNA processing and modification,chemostat_u0.12,0.12,Information Storage and Processing
0.1548008289201013,0.08361234004068815,"Replication, recombination and repair",chemostat_u0.12,0.12,Information Storage and Processing
0.11174687236165477,0.1351639438492162,Transcription,chemostat_u0.12,0.12,Information Storage and Processing
0.7331721544247448,0.7809801029480352,"Translation, ribosomal structure and biogenesis",chemostat_u0.12,0.12,Information Storage and Processing
0.19486291626229774,0.1974593805151557,Amino acid transport and metabolism,chemostat_u0.12,0.12,Metabolism
0.22298987942734944,0.1790386929443619,Carbohydrate transport and metabolism,chemostat_u0.12,0.12,Metabolism
0.0246236605910905,0.02024577759994773,Coenzyme transport and metabolism,chemostat_u0.12,0.12,Metabolism
0.3827441847530396,0.4577872242731062,Energy production and conversion,chemostat_u0.12,0.12,Metabolism
0.06641086544337492,0.05313918503152277,Inorganic ion transport and metabolism,chemostat_u0.12,0.12,Metabolism
0.050450979790942756,0.0482172718088685,Lipid transport and metabolism,chemostat_u0.12,0.12,Metabolism
0.05189779455230389,0.040282589680153975,Nucleotide transport and metabolism,chemostat_u0.12,0.12,Metabolism
0.006019719179601124,0.003829878146883304,"Secondary metabolites biosynthesis, transport and catabolism",chemostat_u0.12,0.12,Metabolism
1.0,1.0,Not Assigned,chemostat_u0.12,0.12,Not Assigned
0.694729866718207,0.5189396438928362,Function unknown,chemostat_u0.12,0.12,Poorly Characterized
0.305270133281793,0.4810603561071637,General function prediction only,chemostat_u0.12,0.12,Poorly Characterized
0.026169467039867354,0.029477659474359687,"Cell cycle control, cell division, chromosome partitioning",chemostat_u0.2,0.2,Cellular Processes and Signaling
0.002940186655065707,0.0012862430206479092,Cell motility,chemostat_u0.2,0.2,Cellular Processes and Signaling
0.404690180498896,0.44041259219185797,Cell wall/membrane/envelope biogenesis,chemostat_u0.2,0.2,Cellular Processes and Signaling
0.002212937806269443,0.004432155742524555,Defense mechanisms,chemostat_u0.2,0.2,Cellular Processes and Signaling
0.03770038332416748,0.0338281144753574,"Intracellular trafficking, secretion, and vesicular transport",chemostat_u0.2,0.2,Cellular Processes and Signaling
0.36133432926478914,0.3562653785839114,"Posttranslational modification, protein turnover, chaperones",chemostat_u0.2,0.2,Cellular Processes and Signaling
0.16495251541094486,0.1342978565113411,Signal transduction mechanisms,chemostat_u0.2,0.2,Cellular Processes and Signaling
0.00024710997165957514,0.00021883119519805502,RNA processing and modification,chemostat_u0.2,0.2,Information Storage and Processing
0.14992404677880017,0.08151287996609113,"Replication, recombination and repair",chemostat_u0.2,0.2,Information Storage and Processing
0.11346429426384946,0.13459873867311767,Transcription,chemostat_u0.2,0.2,Information Storage and Processing
0.7363645489856908,0.7836695501655933,"Translation, ribosomal structure and biogenesis",chemostat_u0.2,0.2,Information Storage and Processing
0.20619737029228513,0.2165730370471714,Amino acid transport and metabolism,chemostat_u0.2,0.2,Metabolism
0.23296434237973934,0.1842081890327245,Carbohydrate transport and metabolism,chemostat_u0.2,0.2,Metabolism
0.027092031905669736,0.022607984766646116,Coenzyme transport and metabolism,chemostat_u0.2,0.2,Metabolism
0.3618059956497035,0.4335472006852804,Energy production and conversion,chemostat_u0.2,0.2,Metabolism
0.062179486759382986,0.04989669200734382,Inorganic ion transport and metabolism,chemostat_u0.2,0.2,Metabolism
0.04800399509002388,0.04593585883604953,Lipid transport and metabolism,chemostat_u0.2,0.2,Metabolism
0.056281223928859085,0.04356629073780606,Nucleotide transport and metabolism,chemostat_u0.2,0.2,Metabolism
0.005475553994336357,0.0036647468869782074,"Secondary metabolites biosynthesis, transport and catabolism",chemostat_u0.2,0.2,Metabolism
1.0,1.0,Not Assigned,chemostat_u0.2,0.2,Not Assigned
0.6807209552418859,0.5094388000437893,Function unknown,chemostat_u0.2,0.2,Poorly Characterized
0.31927904475811414,0.4905611999562109,General function prediction only,chemostat_u0.2,0.2,Poorly Characterized
0.024775600451376757,0.02763980425733865,"Cell cycle control, cell division, chromosome partitioning",chemostat_u0.35,0.35,Cellular Processes and Signaling
0.004035468589791324,0.0028038775570086954,Cell motility,chemostat_u0.35,0.35,Cellular Processes and Signaling
0.4345059773051433,0.4555079631711645,Cell wall/membrane/envelope biogenesis,chemostat_u0.35,0.35,Cellular Processes and Signaling
0.0023055728990645963,0.0044439332951941805,Defense mechanisms,chemostat_u0.35,0.35,Cellular Processes and Signaling
0.040588107253532825,0.03564956403392318,"Intracellular trafficking, secretion, and vesicular transport",chemostat_u0.35,0.35,Cellular Processes and Signaling
0.35879296814586115,0.36350418585483824,"Posttranslational modification, protein turnover, chaperones",chemostat_u0.35,0.35,Cellular Processes and Signaling
0.13499630535523008,0.11045067183053257,Signal transduction mechanisms,chemostat_u0.35,0.35,Cellular Processes and Signaling
0.00022678983874797778,0.00020173229748869087,RNA processing and modification,chemostat_u0.35,0.35,Information Storage and Processing
0.14124115408457394,0.07701694186074043,"Replication, recombination and repair",chemostat_u0.35,0.35,Information Storage and Processing
0.1104848944626815,0.12869892046127052,Transcription,chemostat_u0.35,0.35,Information Storage and Processing
0.7480471616139965,0.7940824053805003,"Translation, ribosomal structure and biogenesis",chemostat_u0.35,0.35,Information Storage and Processing
0.2127129819998443,0.23130603161426205,Amino acid transport and metabolism,chemostat_u0.35,0.35,Metabolism
0.24972583074999885,0.19748098547283482,Carbohydrate transport and metabolism,chemostat_u0.35,0.35,Metabolism
0.028951471470371404,0.024629842998820903,Coenzyme transport and metabolism,chemostat_u0.35,0.35,Metabolism
0.3329210300979454,0.40127696827875425,Energy production and conversion,chemostat_u0.35,0.35,Metabolism
0.05881703123354412,0.04811135916672363,Inorganic ion transport and metabolism,chemostat_u0.35,0.35,Metabolism
0.04573417831647488,0.04244359797117971,Lipid transport and metabolism,chemostat_u0.35,0.35,Metabolism
0.0663804393118638,0.05146536029607098,Nucleotide transport and metabolism,chemostat_u0.35,0.35,Metabolism
0.0047570368199572315,0.00328585420135355,"Secondary metabolites biosynthesis, transport and catabolism",chemostat_u0.35,0.35,Metabolism
1.0,1.0,Not Assigned,chemostat_u0.35,0.35,Not Assigned
0.670400314111831,0.5074427591716089,Function unknown,chemostat_u0.35,0.35,Poorly Characterized
0.32959968588816907,0.492557240828391,General function prediction only,chemostat_u0.35,0.35,Poorly Characterized
0.02526697561958493,0.028465500211342504,"Cell cycle control, cell division, chromosome partitioning",chemostat_u0.5,0.5,Cellular Processes and Signaling
0.0032446556128252293,0.0013041552720060696,Cell motility,chemostat_u0.5,0.5,Cellular Processes and Signaling
0.4421909225039486,0.46525788749906827,Cell wall/membrane/envelope biogenesis,chemostat_u0.5,0.5,Cellular Processes and Signaling
0.00248548939572189,0.0047189766350400715,Defense mechanisms,chemostat_u0.5,0.5,Cellular Processes and Signaling
0.03954034045484976,0.03523420365685579,"Intracellular trafficking, secretion, and vesicular transport",chemostat_u0.5,0.5,Cellular Processes and Signaling
0.3682138144852554,0.37038862739170136,"Posttranslational modification, protein turnover, chaperones",chemostat_u0.5,0.5,Cellular Processes and Signaling
0.11905780192781422,0.09463064933398609,Signal transduction mechanisms,chemostat_u0.5,0.5,Cellular Processes and Signaling
0.00020934530744186016,0.00019004648310333205,RNA processing and modification,chemostat_u0.5,0.5,Information Storage and Processing
0.10669964796758936,0.06221917025052312,"Replication, recombination and repair",chemostat_u0.5,0.5,Information Storage and Processing
0.09923499243366246,0.11732957789166316,Transcription,chemostat_u0.5,0.5,Information Storage and Processing
0.7938560142913064,0.8202612053747106,"Translation, ribosomal structure and biogenesis",chemostat_u0.5,0.5,Information Storage and Processing
0.24021651888865167,0.27490819121432475,Amino acid transport and metabolism,chemostat_u0.5,0.5,Metabolism
0.24173960982280152,0.19992603927206534,Carbohydrate transport and metabolism,chemostat_u0.5,0.5,Metabolism
0.03691468690968741,0.031219530133356647,Coenzyme transport and metabolism,chemostat_u0.5,0.5,Metabolism
0.2908033520972227,0.3428654291526805,Energy production and conversion,chemostat_u0.5,0.5,Metabolism
0.05391514902563797,0.04470493570900296,Inorganic ion transport and metabolism,chemostat_u0.5,0.5,Metabolism
0.043127579133978494,0.03357626672746309,Lipid transport and metabolism,chemostat_u0.5,0.5,Metabolism
0.08866464704880864,0.06955666649695605,Nucleotide transport and metabolism,chemostat_u0.5,0.5,Metabolism
0.004618457073211598,0.003242941294150745,"Secondary metabolites biosynthesis, transport and catabolism",chemostat_u0.5,0.5,Metabolism
1.0,1.0,Not Assigned,chemostat_u0.5,0.5,Not Assigned
0.6676409631419856,0.5243780571232154,Function unknown,chemostat_u0.5,0.5,Poorly Characterized
0.3323590368580144,0.4756219428767847,General function prediction only,chemostat_u0.5,0.5,Poorly Characterized
0.027169267802810374,0.03118377671697765,"Cell cycle control, cell division, chromosome partitioning",fructose,0.65,Cellular Processes and Signaling
0.0036867771910719938,0.0009512202915777875,Cell motility,fructose,0.65,Cellular Processes and Signaling
0.40756891993251915,0.42758456437022374,Cell wall/membrane/envelope biogenesis,fructose,0.65,Cellular Processes and Signaling
0.0025828621551511467,0.004839229927462437,Defense mechanisms,fructose,0.65,Cellular Processes and Signaling
0.04209205604798417,0.035344290442402074,"Intracellular trafficking, secretion, and vesicular transport",fructose,0.65,Cellular Processes and Signaling
0.41500352604915536,0.42066428680415674,"Posttranslational modification, protein turnover, chaperones",fructose,0.65,Cellular Processes and Signaling
0.10189659082130781,0.07943263144719954,Signal transduction mechanisms,fructose,0.65,Cellular Processes and Signaling
0.00027586508557036723,0.0002596221001205299,RNA processing and modification,fructose,0.65,Information Storage and Processing
0.08638205674072609,0.0509067761952511,"Replication, recombination and repair",fructose,0.65,Information Storage and Processing
0.08606145677641458,0.09532542777330659,Transcription,fructose,0.65,Information Storage and Processing
0.827280621397289,0.8535081739313216,"Translation, ribosomal structure and biogenesis",fructose,0.65,Information Storage and Processing
0.27937317371449427,0.3237564769182474,Amino acid transport and metabolism,fructose,0.65,Metabolism
0.2459320899733386,0.21886738550980525,Carbohydrate transport and metabolism,fructose,0.65,Metabolism
0.044355794503680365,0.03701996316810518,Coenzyme transport and metabolism,fructose,0.65,Metabolism
0.2357478934131008,0.2711539546770587,Energy production and conversion,fructose,0.65,Metabolism
0.06012137129000522,0.05036813634426044,Inorganic ion transport and metabolism,fructose,0.65,Metabolism
0.04500082858035866,0.02865641568730219,Lipid transport and metabolism,fructose,0.65,Metabolism
0.08495728091391365,0.06704712317007754,Nucleotide transport and metabolism,fructose,0.65,Metabolism
0.0045115676111084305,0.0031305445251432057,"Secondary metabolites biosynthesis, transport and catabolism",fructose,0.65,Metabolism
1.0,1.0,Not Assigned,fructose,0.65,Not Assigned
0.6816739575314946,0.5612254429795792,Function unknown,fructose,0.65,Poorly Characterized
0.3183260424685053,0.4387745570204205,General function prediction only,fructose,0.65,Poorly Characterized
0.02630316597377678,0.028983065655074927,"Cell cycle control, cell division, chromosome partitioning",fumarate,0.42,Cellular Processes and Signaling
0.0036431856025936505,0.001036138418019066,Cell motility,fumarate,0.42,Cellular Processes and Signaling
0.4158662593870957,0.44137596566384696,Cell wall/membrane/envelope biogenesis,fumarate,0.42,Cellular Processes and Signaling
0.0020276678098430797,0.003663234232196236,Defense mechanisms,fumarate,0.42,Cellular Processes and Signaling
0.03860839407606718,0.03172146939731997,"Intracellular trafficking, secretion, and vesicular transport",fumarate,0.42,Cellular Processes and Signaling
0.40751849850578387,0.4084711719624848,"Posttranslational modification, protein turnover, chaperones",fumarate,0.42,Cellular Processes and Signaling
0.10603282864483972,0.084748954671058,Signal transduction mechanisms,fumarate,0.42,Cellular Processes and Signaling
0.0002683993334749885,0.0002470041286107056,RNA processing and modification,fumarate,0.42,Information Storage and Processing
0.11786924479137544,0.06449997289241027,"Replication, recombination and repair",fumarate,0.42,Information Storage and Processing
0.10502661626723626,0.10098986384522199,Transcription,fumarate,0.42,Information Storage and Processing
0.7768357396079133,0.834263159133757,"Translation, ribosomal structure and biogenesis",fumarate,0.42,Information Storage and Processing
0.23465687348034345,0.2592931524062151,Amino acid transport and metabolism,fumarate,0.42,Metabolism
0.21276258823133035,0.18310550518954188,Carbohydrate transport and metabolism,fumarate,0.42,Metabolism
0.03385387712471151,0.028314913130542407,Coenzyme transport and metabolism,fumarate,0.42,Metabolism
0.3053306604223873,0.3595640043407512,Energy production and conversion,fumarate,0.42,Metabolism
0.0640970783286445,0.053256723986098875,Inorganic ion transport and metabolism,fumarate,0.42,Metabolism
0.051883672220256846,0.04282669509700788,Lipid transport and metabolism,fumarate,0.42,Metabolism
0.09117434005491822,0.06922062541080332,Nucleotide transport and metabolism,fumarate,0.42,Metabolism
0.006240910137407838,0.004418380439039248,"Secondary metabolites biosynthesis, transport and catabolism",fumarate,0.42,Metabolism
1.0,1.0,Not Assigned,fumarate,0.42,Not Assigned
0.6921668716885734,0.5491368358240353,Function unknown,fumarate,0.42,Poorly Characterized
0.3078331283114267,0.4508631641759649,General function prediction only,fumarate,0.42,Poorly Characterized
0.028523586351330642,0.031576619641366606,"Cell cycle control, cell division, chromosome partitioning",galactose,0.26,Cellular Processes and Signaling
0.003036088266843745,0.0008659094700189767,Cell motility,galactose,0.26,Cellular Processes and Signaling
0.398864100730449,0.44801548829828935,Cell wall/membrane/envelope biogenesis,galactose,0.26,Cellular Processes and Signaling
0.0017590795321039995,0.0031816445684202956,Defense mechanisms,galactose,0.26,Cellular Processes and Signaling
0.03467078714818409,0.02900363447128903,"Intracellular trafficking, secretion, and vesicular transport",galactose,0.26,Cellular Processes and Signaling
0.40347889104561474,0.38239382001299926,"Posttranslational modification, protein turnover, chaperones",galactose,0.26,Cellular Processes and Signaling
0.12966746692547376,0.10496288353761642,Signal transduction mechanisms,galactose,0.26,Cellular Processes and Signaling
0.00043277553375649163,0.000399240269163262,RNA processing and modification,galactose,0.26,Information Storage and Processing
0.12995085903616702,0.070763848967177,"Replication, recombination and repair",galactose,0.26,Information Storage and Processing
0.09762113061444819,0.10565242148314945,Transcription,galactose,0.26,Information Storage and Processing
0.7719952348156283,0.82318448928051,"Translation, ribosomal structure and biogenesis",galactose,0.26,Information Storage and Processing
0.21434209267950768,0.22855018556468085,Amino acid transport and metabolism,galactose,0.26,Metabolism
0.25116548493979185,0.22064882786787454,Carbohydrate transport and metabolism,galactose,0.26,Metabolism
0.03157553226132527,0.026569921599667777,Coenzyme transport and metabolism,galactose,0.26,Metabolism
0.3159708056766471,0.37596905457529106,Energy production and conversion,galactose,0.26,Metabolism
0.059538696763274904,0.05024506590931158,Inorganic ion transport and metabolism,galactose,0.26,Metabolism
0.04823128354060464,0.039187907479813724,Lipid transport and metabolism,galactose,0.26,Metabolism
0.07154340349445737,0.05367803035078796,Nucleotide transport and metabolism,galactose,0.26,Metabolism
0.007632700644391206,0.005151006652572599,"Secondary metabolites biosynthesis, transport and catabolism",galactose,0.26,Metabolism
1.0,1.0,Not Assigned,galactose,0.26,Not Assigned
0.7149459020692998,0.5669731806306595,Function unknown,galactose,0.26,Poorly Characterized
0.2850540979307002,0.4330268193693404,General function prediction only,galactose,0.26,Poorly Characterized
0.024367630107465295,0.028000053586241913,"Cell cycle control, cell division, chromosome partitioning",glucosamine,0.46,Cellular Processes and Signaling
0.0034198926540323945,0.0013744639320070779,Cell motility,glucosamine,0.46,Cellular Processes and Signaling
0.4454463878726263,0.46232141876586647,Cell wall/membrane/envelope biogenesis,glucosamine,0.46,Cellular Processes and Signaling
0.0022146967082638256,0.004274801207253223,Defense mechanisms,glucosamine,0.46,Cellular Processes and Signaling
0.040232065849042646,0.03384395696261029,"Intracellular trafficking, secretion, and vesicular transport",glucosamine,0.46,Cellular Processes and Signaling
0.3830769010474465,0.3893148827390056,"Posttranslational modification, protein turnover, chaperones",glucosamine,0.46,Cellular Processes and Signaling
0.10124242576112301,0.08087042280701562,Signal transduction mechanisms,glucosamine,0.46,Cellular Processes and Signaling
0.000267468903555808,0.0002560414341033382,RNA processing and modification,glucosamine,0.46,Information Storage and Processing
0.11776401091273127,0.06762871218126841,"Replication, recombination and repair",glucosamine,0.46,Information Storage and Processing
0.09857693806693855,0.1040366870461312,Transcription,glucosamine,0.46,Information Storage and Processing
0.7833915821167744,0.8280785593384972,"Translation, ribosomal structure and biogenesis",glucosamine,0.46,Information Storage and Processing
0.24801976666368475,0.27926216704547796,Amino acid transport and metabolism,glucosamine,0.46,Metabolism
0.22663834229982233,0.19725551350382925,Carbohydrate transport and metabolism,glucosamine,0.46,Metabolism
0.04122792018598057,0.0350296993007328,Coenzyme transport and metabolism,glucosamine,0.46,Metabolism
0.2799129886321301,0.3262006809015167,Energy production and conversion,glucosamine,0.46,Metabolism
0.06839292811823762,0.056371735819176566,Inorganic ion transport and metabolism,glucosamine,0.46,Metabolism
0.04848245334915633,0.03747813819121883,Lipid transport and metabolism,glucosamine,0.46,Metabolism
0.0816592175544642,0.06452669711197052,Nucleotide transport and metabolism,glucosamine,0.46,Metabolism
0.0056663831965240745,0.0038753681260774333,"Secondary metabolites biosynthesis, transport and catabolism",glucosamine,0.46,Metabolism
1.0,1.0,Not Assigned,glucosamine,0.46,Not Assigned
0.7028402037517081,0.5504686602440416,Function unknown,glucosamine,0.46,Poorly Characterized
0.2971597962482919,0.4495313397559585,General function prediction only,glucosamine,0.46,Poorly Characterized
0.02524865289560785,0.029280954187550275,"Cell cycle control, cell division, chromosome partitioning",glucose,0.58,Cellular Processes and Signaling
0.003301546370372828,0.0008376948398315631,Cell motility,glucose,0.58,Cellular Processes and Signaling
0.43467358419239505,0.4596816732360277,Cell wall/membrane/envelope biogenesis,glucose,0.58,Cellular Processes and Signaling
0.002495713085428994,0.004283364949822928,Defense mechanisms,glucose,0.58,Cellular Processes and Signaling
0.04410278166539669,0.035222292372013075,"Intracellular trafficking, secretion, and vesicular transport",glucose,0.58,Cellular Processes and Signaling
0.3923353404112357,0.3973633270225892,"Posttranslational modification, protein turnover, chaperones",glucose,0.58,Cellular Processes and Signaling
0.09784238137956289,0.07333069339216525,Signal transduction mechanisms,glucose,0.58,Cellular Processes and Signaling
0.000253731700411155,0.000239837640262176,RNA processing and modification,glucose,0.58,Information Storage and Processing
0.10199067224444383,0.057056033966844014,"Replication, recombination and repair",glucose,0.58,Information Storage and Processing
0.08143890300171082,0.08449616450928223,Transcription,glucose,0.58,Information Storage and Processing
0.8163166930534342,0.8582079638836115,"Translation, ribosomal structure and biogenesis",glucose,0.58,Information Storage and Processing
0.31761513211164416,0.3745893057068994,Amino acid transport and metabolism,glucose,0.58,Metabolism
0.21121328156562286,0.18941195224057325,Carbohydrate transport and metabolism,glucose,0.58,Metabolism
0.05931259102012429,0.05067743810406391,Coenzyme transport and metabolism,glucose,0.58,Metabolism
0.19659380889850805,0.21763426002380845,Energy production and conversion,glucose,0.58,Metabolism
0.06693683153655891,0.05508551669483652,Inorganic ion transport and metabolism,glucose,0.58,Metabolism
0.048795593873106224,0.03132221669057396,Lipid transport and metabolism,glucose,0.58,Metabolism
0.094460351165086,0.07753704451689505,Nucleotide transport and metabolism,glucose,0.58,Metabolism
0.005072409829349519,0.0037422660223494584,"Secondary metabolites biosynthesis, transport and catabolism",glucose,0.58,Metabolism
1.0,1.0,Not Assigned,glucose,0.58,Not Assigned
0.6986671525363013,0.5714121545608821,Function unknown,glucose,0.58,Poorly Characterized
0.30133284746369876,0.42858784543911793,General function prediction only,glucose,0.58,Poorly Characterized
0.026716360364991646,0.029124028224346614,"Cell cycle control, cell division, chromosome partitioning",glycerol,0.47,Cellular Processes and Signaling
0.003535535278241871,0.0009445205489001848,Cell motility,glycerol,0.47,Cellular Processes and Signaling
0.41959645289808506,0.44868908447399286,Cell wall/membrane/envelope biogenesis,glycerol,0.47,Cellular Processes and Signaling
0.002305616244698625,0.004085971981420064,Defense mechanisms,glycerol,0.47,Cellular Processes and Signaling
0.039581030715846295,0.03180342743079731,"Intracellular trafficking, secretion, and vesicular transport",glycerol,0.47,Cellular Processes and Signaling
0.40347513173113997,0.40417836633799176,"Posttranslational modification, protein turnover, chaperones",glycerol,0.47,Cellular Processes and Signaling
0.10478987276699653,0.08117460100255154,Signal transduction mechanisms,glycerol,0.47,Cellular Processes and Signaling
0.00024970594239387195,0.00023798505681192695,RNA processing and modification,glycerol,0.47,Information Storage and Processing
0.12195735435642698,0.06752472902687624,"Replication, recombination and repair",glycerol,0.47,Information Storage and Processing
0.09276180847857997,0.09751778060046823,Transcription,glycerol,0.47,Information Storage and Processing
0.7850311312225992,0.8347195053158436,"Translation, ribosomal structure and biogenesis",glycerol,0.47,Information Storage and Processing
0.26515413550088635,0.3021477598088527,Amino acid transport and metabolism,glycerol,0.47,Metabolism
0.2137786692941875,0.18700815968169776,Carbohydrate transport and metabolism,glycerol,0.47,Metabolism
0.04046640012197037,0.033903441415999006,Coenzyme transport and metabolism,glycerol,0.47,Metabolism
0.2735310648968827,0.3158053808494102,Energy production and conversion,glycerol,0.47,Metabolism
0.06456692555028888,0.054653229070683776,Inorganic ion transport and metabolism,glycerol,0.47,Metabolism
0.04821868649747071,0.03350829010189961,Lipid transport and metabolism,glycerol,0.47,Metabolism
0.0883528539018002,0.06873831555914622,Nucleotide transport and metabolism,glycerol,0.47,Metabolism
0.005931264236513286,0.004235423512310612,"Secondary metabolites biosynthesis, transport and catabolism",glycerol,0.47,Metabolism
1.0,1.0,Not Assigned,glycerol,0.47,Not Assigned
0.7042611432865641,0.5768256086014228,Function unknown,glycerol,0.47,Poorly Characterized
0.2957388567134359,0.4231743913985771,General function prediction only,glycerol,0.47,Poorly Characterized
0.02490205929240451,0.02739942472765485,"Cell cycle control, cell division, chromosome partitioning",glycerol_pAA,1.27,Cellular Processes and Signaling
0.003195174314415047,0.0008540889398082426,Cell motility,glycerol_pAA,1.27,Cellular Processes and Signaling
0.418334978117406,0.4302927275401206,Cell wall/membrane/envelope biogenesis,glycerol_pAA,1.27,Cellular Processes and Signaling
0.00245566119893244,0.004150325479537756,Defense mechanisms,glycerol_pAA,1.27,Cellular Processes and Signaling
0.05322959110127747,0.039596705489999946,"Intracellular trafficking, secretion, and vesicular transport",glycerol_pAA,1.27,Cellular Processes and Signaling
0.42327359511699575,0.44189099158716166,"Posttranslational modification, protein turnover, chaperones",glycerol_pAA,1.27,Cellular Processes and Signaling
0.07460894085856876,0.055815736235717034,Signal transduction mechanisms,glycerol_pAA,1.27,Cellular Processes and Signaling
0.00016517241314709962,0.00016214180538466527,RNA processing and modification,glycerol_pAA,1.27,Information Storage and Processing
0.09305763799077907,0.05413939406187481,"Replication, recombination and repair",glycerol_pAA,1.27,Information Storage and Processing
0.07921718892164582,0.08068760314377503,Transcription,glycerol_pAA,1.27,Information Storage and Processing
0.827560000674428,0.8650108609889655,"Translation, ribosomal structure and biogenesis",glycerol_pAA,1.27,Information Storage and Processing
0.2262882502356869,0.25812178508519573,Amino acid transport and metabolism,glycerol_pAA,1.27,Metabolism
0.23721424248786574,0.2165820063155024,Carbohydrate transport and metabolism,glycerol_pAA,1.27,Metabolism
0.03800219837221653,0.031443410109467836,Coenzyme transport and metabolism,glycerol_pAA,1.27,Metabolism
0.2829821015175904,0.3211451012360531,Energy production and conversion,glycerol_pAA,1.27,Metabolism
0.05042258971540548,0.03938102746466109,Inorganic ion transport and metabolism,glycerol_pAA,1.27,Metabolism
0.06645890539726453,0.04665405528109361,Lipid transport and metabolism,glycerol_pAA,1.27,Metabolism
0.0932085118996159,0.08273574423078303,Nucleotide transport and metabolism,glycerol_pAA,1.27,Metabolism
0.00542320037435452,0.003936870277243445,"Secondary metabolites biosynthesis, transport and catabolism",glycerol_pAA,1.27,Metabolism
1.0,1.0,Not Assigned,glycerol_pAA,1.27,Not Assigned
0.6403793951021527,0.5313661602212373,Function unknown,glycerol_pAA,1.27,Poorly Characterized
0.3596206048978473,0.46863383977876255,General function prediction only,glycerol_pAA,1.27,Poorly Characterized
0.02624053681225256,0.027746201592753338,"Cell cycle control, cell division, chromosome partitioning",lb_miller,1.9,Cellular Processes and Signaling
0.002990941450531889,0.0007096513795432504,Cell motility,lb_miller,1.9,Cellular Processes and Signaling
0.3824504170644889,0.3738963885935923,Cell wall/membrane/envelope biogenesis,lb_miller,1.9,Cellular Processes and Signaling
0.0034463069777098967,0.005797822539849224,Defense mechanisms,lb_miller,1.9,Cellular Processes and Signaling
0.04726599795832658,0.036178250198052306,"Intracellular trafficking, secretion, and vesicular transport",lb_miller,1.9,Cellular Processes and Signaling
0.4556628124444556,0.4966093502980014,"Posttranslational modification, protein turnover, chaperones",lb_miller,1.9,Cellular Processes and Signaling
0.08194298729223456,0.05906233539820798,Signal transduction mechanisms,lb_miller,1.9,Cellular Processes and Signaling
0.00013653069196890323,0.00013672206339650258,RNA processing and modification,lb_miller,1.9,Information Storage and Processing
0.08858882138083701,0.05332832344938252,"Replication, recombination and repair",lb_miller,1.9,Information Storage and Processing
0.07223083311594396,0.08065647733712537,Transcription,lb_miller,1.9,Information Storage and Processing
0.8390438148112501,0.8658784771500956,"Translation, ribosomal structure and biogenesis",lb_miller,1.9,Information Storage and Processing
0.15638187981258497,0.18194443921703116,Amino acid transport and metabolism,lb_miller,1.9,Metabolism
0.272403722795106,0.25782898736290605,Carbohydrate transport and metabolism,lb_miller,1.9,Metabolism
0.03998204406854881,0.033204480087246746,Coenzyme transport and metabolism,lb_miller,1.9,Metabolism
0.28475403689637846,0.3450840455436807,Energy production and conversion,lb_miller,1.9,Metabolism
0.060375289169563674,0.04116040279078178,Inorganic ion transport and metabolism,lb_miller,1.9,Metabolism
0.08242129614279047,0.05890968258327342,Lipid transport and metabolism,lb_miller,1.9,Metabolism
0.09802153181439076,0.07806294840860495,Nucleotide transport and metabolism,lb_miller,1.9,Metabolism
0.005660199300636874,0.003805014006475213,"Secondary metabolites biosynthesis, transport and catabolism",lb_miller,1.9,Metabolism
1.0,1.0,Not Assigned,lb_miller,1.9,Not Assigned
0.585311377245509,0.4802589532688057,Function unknown,lb_miller,1.9,Poorly Characterized
0.41468862275449103,0.519741046731194,General function prediction only,lb_miller,1.9,Poorly Characterized
0.026909886109733983,0.029914210961311985,"Cell cycle control, cell division, chromosome partitioning",mannose,0.47,Cellular Processes and Signaling
0.00346085149442773,0.0009423887970031571,Cell motility,mannose,0.47,Cellular Processes and Signaling
0.37836152858801875,0.4015124574580702,Cell wall/membrane/envelope biogenesis,mannose,0.47,Cellular Processes and Signaling
0.002239773985208527,0.003869441105193942,Defense mechanisms,mannose,0.47,Cellular Processes and Signaling
0.038661568656746824,0.032558580240189726,"Intracellular trafficking, secretion, and vesicular transport",mannose,0.47,Cellular Processes and Signaling
0.41433645507208977,0.42826316187647095,"Posttranslational modification, protein turnover, chaperones",mannose,0.47,Cellular Processes and Signaling
0.1360299360937744,0.10293975956175987,Signal transduction mechanisms,mannose,0.47,Cellular Processes and Signaling
0.00033570718292758104,0.000311085999777685,RNA processing and modification,mannose,0.47,Information Storage and Processing
0.1285477079441319,0.06948649568976725,"Replication, recombination and repair",mannose,0.47,Information Storage and Processing
0.09843591276169748,0.10387258983413157,Transcription,mannose,0.47,Information Storage and Processing
0.772680672111243,0.8263298284763234,"Translation, ribosomal structure and biogenesis",mannose,0.47,Information Storage and Processing
0.24279270243718873,0.2715949673067677,Amino acid transport and metabolism,mannose,0.47,Metabolism
0.2086081525820619,0.18055485454260625,Carbohydrate transport and metabolism,mannose,0.47,Metabolism
0.033219449714497966,0.02747864892553993,Coenzyme transport and metabolism,mannose,0.47,Metabolism
0.3201521019448525,0.37002104757519294,Energy production and conversion,mannose,0.47,Metabolism
0.06163015956862997,0.05037019112700734,Inorganic ion transport and metabolism,mannose,0.47,Metabolism
0.05008626427307414,0.03876905593764655,Lipid transport and metabolism,mannose,0.47,Metabolism
0.07748429481998044,0.05708333041742703,Nucleotide transport and metabolism,mannose,0.47,Metabolism
0.006026874659714341,0.004127904167812271,"Secondary metabolites biosynthesis, transport and catabolism",mannose,0.47,Metabolism
1.0,1.0,Not Assigned,mannose,0.47,Not Assigned
0.7018816233434524,0.5654099623398986,Function unknown,mannose,0.47,Poorly Characterized
0.2981183766565476,0.43459003766010146,General function prediction only,mannose,0.47,Poorly Characterized
0.023233833497060454,0.026334396136796747,"Cell cycle control, cell division, chromosome partitioning",osmotic_stress_glucose,0.55,Cellular Processes and Signaling
0.0037253366125680086,0.001010084579071653,Cell motility,osmotic_stress_glucose,0.55,Cellular Processes and Signaling
0.4394670506293858,0.4728474895487354,Cell wall/membrane/envelope biogenesis,osmotic_stress_glucose,0.55,Cellular Processes and Signaling
0.0017032983054494485,0.003097428961748807,Defense mechanisms,osmotic_stress_glucose,0.55,Cellular Processes and Signaling
0.03453552945529646,0.02852754334869527,"Intracellular trafficking, secretion, and vesicular transport",osmotic_stress_glucose,0.55,Cellular Processes and Signaling
0.39458906168775343,0.3907232753261304,"Posttranslational modification, protein turnover, chaperones",osmotic_stress_glucose,0.55,Cellular Processes and Signaling
0.10274588981248636,0.07745978209882168,Signal transduction mechanisms,osmotic_stress_glucose,0.55,Cellular Processes and Signaling
0.00038899380810832366,0.00039168590197345894,RNA processing and modification,osmotic_stress_glucose,0.55,Information Storage and Processing
0.10723316896491297,0.062163679010283475,"Replication, recombination and repair",osmotic_stress_glucose,0.55,Information Storage and Processing
0.0898586547324596,0.0925568588760255,Transcription,osmotic_stress_glucose,0.55,Information Storage and Processing
0.8025191824945191,0.8448877762117175,"Translation, ribosomal structure and biogenesis",osmotic_stress_glucose,0.55,Information Storage and Processing
0.2917885467019896,0.34461041891774175,Amino acid transport and metabolism,osmotic_stress_glucose,0.55,Metabolism
0.2071717544249843,0.1904541059325622,Carbohydrate transport and metabolism,osmotic_stress_glucose,0.55,Metabolism
0.06070850424691511,0.05215426132923173,Coenzyme transport and metabolism,osmotic_stress_glucose,0.55,Metabolism
0.21135757702020558,0.23485686615608745,Energy production and conversion,osmotic_stress_glucose,0.55,Metabolism
0.06975695314457529,0.06162868084339967,Inorganic ion transport and metabolism,osmotic_stress_glucose,0.55,Metabolism
0.0548745914262146,0.03168806593145192,Lipid transport and metabolism,osmotic_stress_glucose,0.55,Metabolism
0.09537301625286107,0.07764661223627956,Nucleotide transport and metabolism,osmotic_stress_glucose,0.55,Metabolism
0.008969056782254455,0.006960988653245559,"Secondary metabolites biosynthesis, transport and catabolism",osmotic_stress_glucose,0.55,Metabolism
1.0,1.0,Not Assigned,osmotic_stress_glucose,0.55,Not Assigned
0.6846295468020263,0.5602018728590636,Function unknown,osmotic_stress_glucose,0.55,Poorly Characterized
0.31537045319797374,0.43979812714093636,General function prediction only,osmotic_stress_glucose,0.55,Poorly Characterized
0.024194784176751534,0.026897146944382444,"Cell cycle control, cell division, chromosome partitioning",pH6,0.63,Cellular Processes and Signaling
0.00346218829677538,0.0008923334436929655,Cell motility,pH6,0.63,Cellular Processes and Signaling
0.4515555625858256,0.4615107205669227,Cell wall/membrane/envelope biogenesis,pH6,0.63,Cellular Processes and Signaling
0.001820071003530404,0.0034961018991468452,Defense mechanisms,pH6,0.63,Cellular Processes and Signaling
0.03167180590391093,0.02742148362039973,"Intracellular trafficking, secretion, and vesicular transport",pH6,0.63,Cellular Processes and Signaling
0.3979025189347691,0.40914990094270437,"Posttranslational modification, protein turnover, chaperones",pH6,0.63,Cellular Processes and Signaling
0.08939306909843707,0.07063231258275098,Signal transduction mechanisms,pH6,0.63,Cellular Processes and Signaling
0.0005095339889301454,0.0005081572057756749,RNA processing and modification,pH6,0.63,Information Storage and Processing
0.09683082772101642,0.058500323213297505,"Replication, recombination and repair",pH6,0.63,Information Storage and Processing
0.09134647719391507,0.09716185710153157,Transcription,pH6,0.63,Information Storage and Processing
0.8113131610961384,0.8438296624793952,"Translation, ribosomal structure and biogenesis",pH6,0.63,Information Storage and Processing
0.30095682770806337,0.339558035838366,Amino acid transport and metabolism,pH6,0.63,Metabolism
0.22662305807171432,0.2090452855082605,Carbohydrate transport and metabolism,pH6,0.63,Metabolism
0.0678424056141996,0.06035460320014092,Coenzyme transport and metabolism,pH6,0.63,Metabolism
0.1719050161822835,0.20711574979258265,Energy production and conversion,pH6,0.63,Metabolism
0.08255515108891248,0.0713825727626064,Inorganic ion transport and metabolism,pH6,0.63,Metabolism
0.052725374384888724,0.031777924394604175,Lipid transport and metabolism,pH6,0.63,Metabolism
0.08924784399019729,0.07482348722917867,Nucleotide transport and metabolism,pH6,0.63,Metabolism
0.008144322959740736,0.005942341274260592,"Secondary metabolites biosynthesis, transport and catabolism",pH6,0.63,Metabolism
1.0,1.0,Not Assigned,pH6,0.63,Not Assigned
0.643411718339464,0.5163092391156452,Function unknown,pH6,0.63,Poorly Characterized
0.356588281660536,0.4836907608843547,General function prediction only,pH6,0.63,Poorly Characterized
0.027185160935930798,0.030481726764561057,"Cell cycle control, cell division, chromosome partitioning",pyruvate,0.4,Cellular Processes and Signaling
0.004183612888191004,0.0010788253052717088,Cell motility,pyruvate,0.4,Cellular Processes and Signaling
0.3863710764757778,0.4244261483278216,Cell wall/membrane/envelope biogenesis,pyruvate,0.4,Cellular Processes and Signaling
0.002299877376863622,0.00425493707199239,Defense mechanisms,pyruvate,0.4,Cellular Processes and Signaling
0.04448695256537589,0.036708403565182936,"Intracellular trafficking, secretion, and vesicular transport",pyruvate,0.4,Cellular Processes and Signaling
0.39581056112569146,0.3981457303240629,"Posttranslational modification, protein turnover, chaperones",pyruvate,0.4,Cellular Processes and Signaling
0.13966275863216943,0.10490422864110739,Signal transduction mechanisms,pyruvate,0.4,Cellular Processes and Signaling
0.00028255399222162886,0.0002561696155350722,RNA processing and modification,pyruvate,0.4,Information Storage and Processing
0.1418568974979918,0.07421080731756623,"Replication, recombination and repair",pyruvate,0.4,Information Storage and Processing
0.09668154389868294,0.10308924700018299,Transcription,pyruvate,0.4,Information Storage and Processing
0.7611790046111037,0.8224437760667157,"Translation, ribosomal structure and biogenesis",pyruvate,0.4,Information Storage and Processing
0.2442585615703682,0.2694761657961157,Amino acid transport and metabolism,pyruvate,0.4,Metabolism
0.19133180498880412,0.16492311083927585,Carbohydrate transport and metabolism,pyruvate,0.4,Metabolism
0.037744775740371606,0.03134217884251766,Coenzyme transport and metabolism,pyruvate,0.4,Metabolism
0.34024973010456055,0.3848782512920631,Energy production and conversion,pyruvate,0.4,Metabolism
0.057473523576279814,0.04815019579018324,Inorganic ion transport and metabolism,pyruvate,0.4,Metabolism
0.04729229067303979,0.03602810309761776,Lipid transport and metabolism,pyruvate,0.4,Metabolism
0.07570001774178399,0.061123847692567596,Nucleotide transport and metabolism,pyruvate,0.4,Metabolism
0.005949295604791905,0.0040781466496592296,"Secondary metabolites biosynthesis, transport and catabolism",pyruvate,0.4,Metabolism
1.0,1.0,Not Assigned,pyruvate,0.4,Not Assigned
0.6564233098075514,0.5255599051381598,Function unknown,pyruvate,0.4,Poorly Characterized
0.34357669019244863,0.4744400948618402,General function prediction only,pyruvate,0.4,Poorly Characterized
0.014615841530821563,0.01724014169452936,"Cell cycle control, cell division, chromosome partitioning",stationary_1day,-0.01,Cellular Processes and Signaling
0.0035696109577699996,0.0010075986140221406,Cell motility,stationary_1day,-0.01,Cellular Processes and Signaling
0.53238096453213,0.4777659790124817,Cell wall/membrane/envelope biogenesis,stationary_1day,-0.01,Cellular Processes and Signaling
0.0016784826743445908,0.0038452626553372817,Defense mechanisms,stationary_1day,-0.01,Cellular Processes and Signaling
0.025187163576925967,0.02256117223817418,"Intracellular trafficking, secretion, and vesicular transport",stationary_1day,-0.01,Cellular Processes and Signaling
0.347260203090733,0.4161248335669441,"Posttranslational modification, protein turnover, chaperones",stationary_1day,-0.01,Cellular Processes and Signaling
0.07530773363727479,0.06145501221851146,Signal transduction mechanisms,stationary_1day,-0.01,Cellular Processes and Signaling
0.0004200366316157151,0.0004208077484524403,RNA processing and modification,stationary_1day,-0.01,Information Storage and Processing
0.12817086205886483,0.07608475529079235,"Replication, recombination and repair",stationary_1day,-0.01,Information Storage and Processing
0.07483505272012407,0.09858243489583421,Transcription,stationary_1day,-0.01,Information Storage and Processing
0.7965740485893954,0.824912002064921,"Translation, ribosomal structure and biogenesis",stationary_1day,-0.01,Information Storage and Processing
0.23286554856335243,0.27067436988412563,Amino acid transport and metabolism,stationary_1day,-0.01,Metabolism
0.23129305837756486,0.23218014231901254,Carbohydrate transport and metabolism,stationary_1day,-0.01,Metabolism
0.04643530275724721,0.038911557489403156,Coenzyme transport and metabolism,stationary_1day,-0.01,Metabolism
0.1790140557050367,0.22960200785033757,Energy production and conversion,stationary_1day,-0.01,Metabolism
0.1525678130096616,0.10810676759014637,Inorganic ion transport and metabolism,stationary_1day,-0.01,Metabolism
0.06828193610713483,0.04354285445352544,Lipid transport and metabolism,stationary_1day,-0.01,Metabolism
0.08027758833798566,0.07045786982366387,Nucleotide transport and metabolism,stationary_1day,-0.01,Metabolism
0.009264697142016717,0.006524430589785329,"Secondary metabolites biosynthesis, transport and catabolism",stationary_1day,-0.01,Metabolism
1.0,1.0,Not Assigned,stationary_1day,-0.01,Not Assigned
0.7345122268228829,0.5635486509947576,Function unknown,stationary_1day,-0.01,Poorly Characterized
0.2654877731771172,0.4364513490052423,General function prediction only,stationary_1day,-0.01,Poorly Characterized
0.01628379415290691,0.01807802677740397,"Cell cycle control, cell division, chromosome partitioning",stationary_3day,-0.01,Cellular Processes and Signaling
0.003990038578476583,0.0011373102015278375,Cell motility,stationary_3day,-0.01,Cellular Processes and Signaling
0.502893765602707,0.47777567157756706,Cell wall/membrane/envelope biogenesis,stationary_3day,-0.01,Cellular Processes and Signaling
0.0017427929358387819,0.0038190974864029674,Defense mechanisms,stationary_3day,-0.01,Cellular Processes and Signaling
0.02530772374832672,0.022110769011183154,"Intracellular trafficking, secretion, and vesicular transport",stationary_3day,-0.01,Cellular Processes and Signaling
0.35671947719250796,0.4079295263210507,"Posttranslational modification, protein turnover, chaperones",stationary_3day,-0.01,Cellular Processes and Signaling
0.09306240778923601,0.06914959862486444,Signal transduction mechanisms,stationary_3day,-0.01,Cellular Processes and Signaling
0.0004012393336271247,0.0003981914592871953,RNA processing and modification,stationary_3day,-0.01,Information Storage and Processing
0.13070822123615528,0.07590136180816397,"Replication, recombination and repair",stationary_3day,-0.01,Information Storage and Processing
0.07281141413196492,0.10040518297938794,Transcription,stationary_3day,-0.01,Information Storage and Processing
0.7960791252982526,0.823295263753161,"Translation, ribosomal structure and biogenesis",stationary_3day,-0.01,Information Storage and Processing
0.233595884873677,0.2690157051895029,Amino acid transport and metabolism,stationary_3day,-0.01,Metabolism
0.24150557223213667,0.2394325332977154,Carbohydrate transport and metabolism,stationary_3day,-0.01,Metabolism
0.046002926463809365,0.0385684518339085,Coenzyme transport and metabolism,stationary_3day,-0.01,Metabolism
0.18221304536018904,0.2312487438894723,Energy production and conversion,stationary_3day,-0.01,Metabolism
0.14134800113684182,0.10080475188178861,Inorganic ion transport and metabolism,stationary_3day,-0.01,Metabolism
0.0641853654715433,0.04242549736844081,Lipid transport and metabolism,stationary_3day,-0.01,Metabolism
0.0819580593748776,0.07202771968096748,Nucleotide transport and metabolism,stationary_3day,-0.01,Metabolism
0.009191145086925215,0.006476596858204065,"Secondary metabolites biosynthesis, transport and catabolism",stationary_3day,-0.01,Metabolism
1.0,1.0,Not Assigned,stationary_3day,-0.01,Not Assigned
0.7432394319067264,0.5787800889424777,Function unknown,stationary_3day,-0.01,Poorly Characterized
0.25676056809327363,0.4212199110575224,General function prediction only,stationary_3day,-0.01,Poorly Characterized
0.026842549916770528,0.02945883943350658,"Cell cycle control, cell division, chromosome partitioning",succinate,0.44,Cellular Processes and Signaling
0.003435132595560537,0.0009626796297135281,Cell motility,succinate,0.44,Cellular Processes and Signaling
0.4196954108078417,0.4370452659907588,Cell wall/membrane/envelope biogenesis,succinate,0.44,Cellular Processes and Signaling
0.002404871642590068,0.004129722059167437,Defense mechanisms,succinate,0.44,Cellular Processes and Signaling
0.03719674220054817,0.030362674490582695,"Intracellular trafficking, secretion, and vesicular transport",succinate,0.44,Cellular Processes and Signaling
0.41246546046669846,0.419230853374354,"Posttranslational modification, protein turnover, chaperones",succinate,0.44,Cellular Processes and Signaling
0.09795983236999055,0.07880996502191706,Signal transduction mechanisms,succinate,0.44,Cellular Processes and Signaling
0.00032551955666589537,0.00030310754128273646,RNA processing and modification,succinate,0.44,Information Storage and Processing
0.11595032754588322,0.06342416307746371,"Replication, recombination and repair",succinate,0.44,Information Storage and Processing
0.09719504112135605,0.09753702681471302,Transcription,succinate,0.44,Information Storage and Processing
0.7865291117760949,0.8387357025665407,"Translation, ribosomal structure and biogenesis",succinate,0.44,Information Storage and Processing
0.24386501278081826,0.2708694199640668,Amino acid transport and metabolism,succinate,0.44,Metabolism
0.2059158993823762,0.17775737009318548,Carbohydrate transport and metabolism,succinate,0.44,Metabolism
0.035297392224173496,0.029804926272690994,Coenzyme transport and metabolism,succinate,0.44,Metabolism
0.299020035411839,0.3529280510527619,Energy production and conversion,succinate,0.44,Metabolism
0.05868176179177016,0.04999002689854258,Inorganic ion transport and metabolism,succinate,0.44,Metabolism
0.05112382865647794,0.03960996319338345,Lipid transport and metabolism,succinate,0.44,Metabolism
0.10009705755062744,0.07485744329005468,Nucleotide transport and metabolism,succinate,0.44,Metabolism
0.005999012201917484,0.00418279923531417,"Secondary metabolites biosynthesis, transport and catabolism",succinate,0.44,Metabolism
1.0,1.0,Not Assigned,succinate,0.44,Not Assigned
0.6955792964380229,0.5603587886627772,Function unknown,succinate,0.44,Poorly Characterized
0.3044207035619771,0.4396412113372229,General function prediction only,succinate,0.44,Poorly Characterized
0.026493655070674835,0.03087382234453231,"Cell cycle control, cell division, chromosome partitioning",xylose,0.55,Cellular Processes and Signaling
0.0036498252090370227,0.0009486663915586882,Cell motility,xylose,0.55,Cellular Processes and Signaling
0.4408379776355571,0.4560655158459327,Cell wall/membrane/envelope biogenesis,xylose,0.55,Cellular Processes and Signaling
0.002301983666105838,0.004190245575840996,Defense mechanisms,xylose,0.55,Cellular Processes and Signaling
0.035104092968644154,0.029761870567608345,"Intracellular trafficking, secretion, and vesicular transport",xylose,0.55,Cellular Processes and Signaling
0.39282170163836855,0.40438915757468846,"Posttranslational modification, protein turnover, chaperones",xylose,0.55,Cellular Processes and Signaling
0.09879076381161252,0.0737707216998385,Signal transduction mechanisms,xylose,0.55,Cellular Processes and Signaling
0.00031734145727463955,0.00030209254124155077,RNA processing and modification,xylose,0.55,Information Storage and Processing
0.10509495709756836,0.0596409686578231,"Replication, recombination and repair",xylose,0.55,Information Storage and Processing
0.08724810021803225,0.09530438414754645,Transcription,xylose,0.55,Information Storage and Processing
0.8073396012271248,0.8447525546533889,"Translation, ribosomal structure and biogenesis",xylose,0.55,Information Storage and Processing
0.27164738784792714,0.3162946085919601,Amino acid transport and metabolism,xylose,0.55,Metabolism
0.23166981626607908,0.21750840219271927,Carbohydrate transport and metabolism,xylose,0.55,Metabolism
0.05501065806188121,0.04644124998747033,Coenzyme transport and metabolism,xylose,0.55,Metabolism
0.23673674501592293,0.26376799097600595,Energy production and conversion,xylose,0.55,Metabolism
0.06148991548273862,0.051991958082957014,Inorganic ion transport and metabolism,xylose,0.55,Metabolism
0.04963114606821045,0.02997474523311638,Lipid transport and metabolism,xylose,0.55,Metabolism
0.08787867206880481,0.06962109905226671,Nucleotide transport and metabolism,xylose,0.55,Metabolism
0.005935659188435789,0.004399945883504339,"Secondary metabolites biosynthesis, transport and catabolism",xylose,0.55,Metabolism
1.0,1.0,Not Assigned,xylose,0.55,Not Assigned
0.6858627437300456,0.5665041023366711,Function unknown,xylose,0.55,Poorly Characterized
0.31413725626995437,0.4334958976633288,General function prediction only,xylose,0.55,Poorly Characterized
